abstain_precision,abstain_rate,abstain_recall,accuracy_when_gold_present,answer_acc_given_gold_selected,cite_f1,decomposition_line,drop_rate,entailment,exact_acc,gold_missing_rate,gold_present_rate,gold_support_selected_rate,mtime,pattern,rows,run_dir,run_name,selected_note_rate,selected_wrong_update_rate,selection_rate,spoof_accept_rate,state_integrity_rate,support_consistency_rate,value_acc,value_acc_when_gold_selected,value_is_substring_of_selected_line_rate,wrong_update_rate
,,,0.75,,0.75,1.0000 -> 1.0000 -> 0.7500 -> 0.7500,0.0,0.75,0.75,,1.0,,1766864138.272466,runs,1,runs,runs,,,1.0,,,,0.75,,,
1.0,0.15789473684210525,1.0,0.8333333333333334,1.0,0.8125,1.0000 -> 0.8125 -> 0.8333 -> 0.8333,0.1875,1.0,0.8125,0.15789473684210525,1.0,0.8125,1767351421.5837824,abstain_drop0.2_k4,3,runs\abstain_drop0.2_k4_s3q16,abstain_drop0.2_k4_s3q16,0.0,,0.8125,0.8461538461538461,,1.0,0.8333333333333334,1.0,1.0,0.0
1.0,0.30434782608695654,1.0,0.625,1.0,0.5625,1.0000 -> 0.5625 -> 0.6250 -> 0.6250,0.4375,1.0,0.5625,0.30434782608695654,1.0,0.5625,1767351425.8814597,abstain_drop0.4_k4,3,runs\abstain_drop0.4_k4_s3q16,abstain_drop0.4_k4_s3q16,0.0,,0.5625,0.8888888888888888,,1.0,0.625,1.0,1.0,0.0
,0.0,,1.0,1.0,1.0,1.0000 -> 1.0000 -> 1.0000 -> 1.0000,0.0,1.0,1.0,0.0,1.0,1.0,1767351419.3671985,abstain_drop0_k4,3,runs\abstain_drop0_k4_s3q16,abstain_drop0_k4_s3q16,0.0,,1.0,1.0,,1.0,1.0,1.0,1.0,0.0
,,,0.0,,0.0,,0.3125,1.0,0.0,,,,1766554634.8488016,ab_pick_0_gold_first_k4_same,3,runs\ab_pick_0_gold_first_k4_same_s3q16,ab_pick_0_gold_first_k4_same_s3q16,,,0.0,,,,0.0,,,
,,,0.5625,,0.5625,,0.4375,1.0,0.5625,,,,1766557722.7828567,ab_pick_0_gold_last_k4_same,3,runs\ab_pick_0_gold_last_k4_same_s3q16,ab_pick_0_gold_last_k4_same_s3q16,,,0.5625,,,,0.5625,,,
,,,0.0,,0.0,,0.4375,1.0,0.0,,,,1766556185.8244164,ab_pick_0_gold_middle_k4_same,3,runs\ab_pick_0_gold_middle_k4_same_s3q16,ab_pick_0_gold_middle_k4_same_s3q16,,,0.0,,,,0.0,,,
,,,0.20833333333333334,,0.20833333333333334,,0.375,1.0,0.20833333333333334,,,,1766559280.3825288,ab_pick_0_shuffle_k4_same,3,runs\ab_pick_0_shuffle_k4_same_s3q16,ab_pick_0_shuffle_k4_same_s3q16,,,0.20833333333333334,,,,0.20833333333333334,,,
,,,0.0,,0.0,,0.4375,1.0,0.0,,,,1766561745.8155448,ab_pick_1_gold_first_k4_same,3,runs\ab_pick_1_gold_first_k4_same_s3q16,ab_pick_1_gold_first_k4_same_s3q16,,,0.0,,,,0.0,,,
,,,0.4166666666666667,,0.4166666666666667,,0.3125,1.0,0.4166666666666667,,,,1766566664.2252853,ab_pick_1_gold_last_k4_same,3,runs\ab_pick_1_gold_last_k4_same_s3q16,ab_pick_1_gold_last_k4_same_s3q16,,,0.4166666666666667,,,,0.4166666666666667,,,
,,,0.020833333333333332,,0.020833333333333332,,0.625,1.0,0.020833333333333332,,,,1766564187.206563,ab_pick_1_gold_middle_k4_same,3,runs\ab_pick_1_gold_middle_k4_same_s3q16,ab_pick_1_gold_middle_k4_same_s3q16,,,0.020833333333333332,,,,0.020833333333333332,,,
,,,0.20833333333333334,,0.20833333333333334,,0.375,1.0,0.20833333333333334,,,,1766569150.61781,ab_pick_1_shuffle_k4_same,3,runs\ab_pick_1_shuffle_k4_same_s3q16,ab_pick_1_shuffle_k4_same_s3q16,,,0.20833333333333334,,,,0.20833333333333334,,,
,,,0.4375,,0.4375,,0.5625,1.0,0.4375,,,,1766614745.9110205,ab_rerank_latest_step_k1_same_shuffle,3,runs\ab_rerank_latest_step_k1_same_shuffle_s3q16,ab_rerank_latest_step_k1_same_shuffle_s3q16,,,0.4375,,,,0.4375,,,
,,,0.6666666666666666,,0.6666666666666666,1.0000 -> 0.6667 -> 0.6667 -> 0.6667,0.3333333333333333,1.0,0.6666666666666666,,1.0,,1766693072.6862533,ab_rerank_latest_step_k2_same_shuffle,5,runs\ab_rerank_latest_step_k2_same_shuffle_s5q24,ab_rerank_latest_step_k2_same_shuffle_s5q24,,,0.6666666666666666,,,,0.6666666666666666,,,
,,,0.625,,0.625,1.0000 -> 0.6250 -> 0.6250 -> 0.6250,0.375,1.0,0.625,,1.0,,1766695796.5745661,ab_rerank_latest_step_k4_same_shuffle,5,runs\ab_rerank_latest_step_k4_same_shuffle_s5q24,ab_rerank_latest_step_k4_same_shuffle_s5q24,,,0.625,,,,0.625,,,
,,,0.4166666666666667,,0.4166666666666667,1.0000 -> 0.4167 -> 0.4167 -> 0.4167,0.5833333333333334,1.0,0.4166666666666667,,1.0,,1766698528.2630062,ab_rerank_latest_step_k8_same_shuffle,5,runs\ab_rerank_latest_step_k8_same_shuffle_s5q24,ab_rerank_latest_step_k8_same_shuffle_s5q24,,,0.4166666666666667,,,,0.4166666666666667,,,
,,,0.5,,0.5,,0.1875,1.0,0.5,,,,1766605903.1912894,ab_rerank_none_k1_same_shuffle,3,runs\ab_rerank_none_k1_same_shuffle_s3q16,ab_rerank_none_k1_same_shuffle_s3q16,,,0.5,,,,0.5,,,
,,,0.31666666666666665,,0.31666666666666665,1.0000 -> 0.3167 -> 0.3167 -> 0.3167,0.4166666666666667,1.0,0.31666666666666665,,1.0,,1766677012.7666106,ab_rerank_none_k2_same_shuffle,5,runs\ab_rerank_none_k2_same_shuffle_s5q24,ab_rerank_none_k2_same_shuffle_s5q24,,,0.31666666666666665,,,,0.31666666666666665,,,
,,,0.16666666666666666,,0.16666666666666666,1.0000 -> 0.1667 -> 0.1667 -> 0.1667,0.4166666666666667,1.0,0.16666666666666666,,1.0,,1766683126.8531523,ab_rerank_none_k4_same_shuffle,5,runs\ab_rerank_none_k4_same_shuffle_s5q24,ab_rerank_none_k4_same_shuffle_s5q24,,,0.16666666666666666,,,,0.16666666666666666,,,
,,,0.15833333333333333,,0.15833333333333333,1.0000 -> 0.1583 -> 0.1583 -> 0.1583,0.4583333333333333,1.0,0.15833333333333333,,1.0,,1766690351.7563844,ab_rerank_none_k8_same_shuffle,5,runs\ab_rerank_none_k8_same_shuffle_s5q24,ab_rerank_none_k8_same_shuffle_s5q24,,,0.15833333333333333,,,,0.15833333333333333,,,
,,,0.0,,0.0,,0.375,1.0,0.0,,,,1766540837.1140325,ab_sandwich_0_gold_first_k4_same,3,runs\ab_sandwich_0_gold_first_k4_same_s3q16,ab_sandwich_0_gold_first_k4_same_s3q16,,,0.0,,,,0.0,,,
,,,0.5625,,0.5625,,0.4375,1.0,0.5625,,,,1766543469.2377071,ab_sandwich_0_gold_last_k4_same,3,runs\ab_sandwich_0_gold_last_k4_same_s3q16,ab_sandwich_0_gold_last_k4_same_s3q16,,,0.5625,,,,0.5625,,,
,,,0.020833333333333332,,0.020833333333333332,,0.5,1.0,0.020833333333333332,,,,1766542183.892018,ab_sandwich_0_gold_middle_k4_same,3,runs\ab_sandwich_0_gold_middle_k4_same_s3q16,ab_sandwich_0_gold_middle_k4_same_s3q16,,,0.020833333333333332,,,,0.020833333333333332,,,
,,,0.4583333333333333,,0.4583333333333333,,0.25,1.0,0.4583333333333333,,,,1766544814.25153,ab_sandwich_0_shuffle_k4_same,3,runs\ab_sandwich_0_shuffle_k4_same_s3q16,ab_sandwich_0_shuffle_k4_same_s3q16,,,0.4583333333333333,,,,0.4583333333333333,,,
,,,0.0,,0.0,,0.3125,1.0,0.0,,,,1766546636.6286867,ab_sandwich_1_gold_first_k4_same,3,runs\ab_sandwich_1_gold_first_k4_same_s3q16,ab_sandwich_1_gold_first_k4_same_s3q16,,,0.0,,,,0.0,,,
,,,0.5625,,0.5625,,0.4375,1.0,0.5625,,,,1766550710.4699607,ab_sandwich_1_gold_last_k4_same,3,runs\ab_sandwich_1_gold_last_k4_same_s3q16,ab_sandwich_1_gold_last_k4_same_s3q16,,,0.5625,,,,0.5625,,,
,,,0.0,,0.0,,0.25,1.0,0.0,,,,1766548843.0554569,ab_sandwich_1_gold_middle_k4_same,3,runs\ab_sandwich_1_gold_middle_k4_same_s3q16,ab_sandwich_1_gold_middle_k4_same_s3q16,,,0.0,,,,0.0,,,
,,,0.1875,,0.1875,,0.3125,1.0,0.1875,,,,1766552468.2377133,ab_sandwich_1_shuffle_k4_same,3,runs\ab_sandwich_1_shuffle_k4_same_s3q16,ab_sandwich_1_shuffle_k4_same_s3q16,,,0.1875,,,,0.1875,,,
,,,,,0.0,,0.0,1.0,0.0,,,,1766467288.184072,ambig_gold_first_k1,3,runs\ambig_gold_first_k1_s3q16,ambig_gold_first_k1_s3q16,,,,,,,0.0,,,
,,,,,0.0,,0.0,1.0,0.0,,,,1766447446.0861897,ambig_gold_first_k2,2,runs\ambig_gold_first_k2,ambig_gold_first_k2,,,,,,,0.0,,,
,,,,,0.0,,0.0,0.9916666666666666,0.0,,,,1766472822.194646,ambig_gold_first_k4,5,runs\ambig_gold_first_k4_s5q24,ambig_gold_first_k4_s5q24,,,,,,,0.0,,,
,,,,,0.0,,0.0,1.0,0.0,,,,1766517198.542905,ambig_gold_first_k4_other_key,3,runs\ambig_gold_first_k4_other_key_s3q16,ambig_gold_first_k4_other_key_s3q16,,,,,,,0.0,,,
,,,,,0.0,,0.0,1.0,0.0,,,,1766513009.5088444,ambig_gold_first_k4_same_key,3,runs\ambig_gold_first_k4_same_key_s3q16,ambig_gold_first_k4_same_key_s3q16,,,,,,,0.0,,,
,,,,,0.0,,0.0,1.0,0.0,,,,1766467288.5610611,ambig_gold_first_k8,3,runs\ambig_gold_first_k8_s3q16,ambig_gold_first_k8_s3q16,,,,,,,0.0,,,
,,,,,1.0,,0.0,1.0,1.0,,,,1766467288.7370553,ambig_gold_last_k1,3,runs\ambig_gold_last_k1_s3q16,ambig_gold_last_k1_s3q16,,,,,,,1.0,,,
,,,,,1.0,,0.0,1.0,1.0,,,,1766449300.2577443,ambig_gold_last_k2,2,runs\ambig_gold_last_k2,ambig_gold_last_k2,,,,,,,1.0,,,
,,,,,1.0,,0.0,1.0,1.0,,,,1766479152.5788054,ambig_gold_last_k4,5,runs\ambig_gold_last_k4_s5q24,ambig_gold_last_k4_s5q24,,,,,,,1.0,,,
,,,,,0.8541666666666666,,0.0,1.0,0.8541666666666666,,,,1766518534.9566588,ambig_gold_last_k4_other_key,3,runs\ambig_gold_last_k4_other_key_s3q16,ambig_gold_last_k4_other_key_s3q16,,,,,,,0.8541666666666666,,,
,,,,,1.0,,0.0,1.0,1.0,,,,1766514399.167164,ambig_gold_last_k4_same_key,3,runs\ambig_gold_last_k4_same_key_s3q16,ambig_gold_last_k4_same_key_s3q16,,,,,,,1.0,,,
,,,,,0.7916666666666666,,0.0,1.0,0.7916666666666666,,,,1766467289.1055107,ambig_gold_last_k8,3,runs\ambig_gold_last_k8_s3q16,ambig_gold_last_k8_s3q16,,,,,,,0.7916666666666666,,,
,,,,,0.25,,0.0,1.0,0.25,,,,1766476026.8841364,ambig_gold_middle_k4,5,runs\ambig_gold_middle_k4_s5q24,ambig_gold_middle_k4_s5q24,,,,,,,0.25,,,
,,,,,0.375,,0.0,1.0,0.375,,,,1766444548.3596265,ambig_k1,2,runs\ambig_k1,ambig_k1,,,,,,,0.375,,,
,,,,,0.375,,0.0,1.0,0.375,,,,1766444959.7562053,ambig_k2,2,runs\ambig_k2,ambig_k2,,,,,,,0.375,,,
,,,,,0.5,,0.0,1.0,0.5,,,,1766445454.1705115,ambig_k4,2,runs\ambig_k4,ambig_k4,,,,,,,0.5,,,
,,,,,0.25,,0.0,1.0,0.25,,,,1766446125.2191837,ambig_k8,2,runs\ambig_k8,ambig_k8,,,,,,,0.25,,,
,,,,,0.625,,0.0,1.0,0.625,,,,1766467289.2855058,ambig_shuffle_k1,3,runs\ambig_shuffle_k1_s3q16,ambig_shuffle_k1_s3q16,,,,,,,0.625,,,
,,,,,0.75,,0.0,1.0,0.75,,,,1766451180.6775284,ambig_shuffle_k2,2,runs\ambig_shuffle_k2,ambig_shuffle_k2,,,,,,,0.75,,,
,,,,,0.21666666666666665,,0.0,1.0,0.21666666666666665,,,,1766482342.9882324,ambig_shuffle_k4,5,runs\ambig_shuffle_k4_s5q24,ambig_shuffle_k4_s5q24,,,,,,,0.21666666666666665,,,
,,,,,0.625,,0.0,1.0,0.625,,,,1766519917.300117,ambig_shuffle_k4_other_key,3,runs\ambig_shuffle_k4_other_key_s3q16,ambig_shuffle_k4_other_key_s3q16,,,,,,,0.625,,,
,,,,,0.4166666666666667,,0.0,1.0,0.4166666666666667,,,,1766515865.8557596,ambig_shuffle_k4_same_key,3,runs\ambig_shuffle_k4_same_key_s3q16,ambig_shuffle_k4_same_key_s3q16,,,,,,,0.4166666666666667,,,
,,,,,0.3958333333333333,,0.0,1.0,0.3958333333333333,,,,1766467289.6545,ambig_shuffle_k8,3,runs\ambig_shuffle_k8_s3q16,ambig_shuffle_k8_s3q16,,,,,,,0.3958333333333333,,,
,,,0.7708333333333334,0.9310344827586207,0.7708333333333334,1.0000 -> 0.6042 -> 0.7708 -> 0.7708,0.0,0.9166666666666666,0.7708333333333334,,1.0,0.7708333333333334,1767345879.0674112,authority_spoof_0.1_linear_k4,3,runs\authority_spoof_0.1_linear_k4_s3q16,authority_spoof_0.1_linear_k4_s3q16,0.08333333333333333,0.6363636363636364,0.6041666666666666,0.08333333333333333,,1.0,0.7708333333333334,0.9310344827586207,1.0,0.14583333333333334
,,,0.4375,0.6551724137931034,0.4375,1.0000 -> 0.6042 -> 0.4375 -> 0.4375,0.0,0.625,0.4375,,1.0,0.4375,1767346276.4946554,authority_spoof_0.5_filter0_linear_k4,3,runs\authority_spoof_0.5_filter0_linear_k4_s3q16,authority_spoof_0.5_filter0_linear_k4_s3q16,0.375,0.3333333333333333,0.6041666666666666,0.3958333333333333,,1.0,0.4375,0.6551724137931034,1.0,0.1875
,,,0.6875,0.6875,0.6875,1.0000 -> 1.0000 -> 0.6875 -> 0.6875,0.0,0.6875,0.6875,,1.0,0.6875,1767349210.64274,authority_spoof_0.5_filter0_linear_spoofpen_hardneg_k4,3,runs\authority_spoof_0.5_filter0_linear_spoofpen_hardneg_k4_s3q16,authority_spoof_0.5_filter0_linear_spoofpen_hardneg_k4_s3q16,0.3125,0.0,1.0,0.625,,1.0,0.6875,0.6875,1.0,0.0
,,,0.2708333333333333,0.45,0.2708333333333333,1.0000 -> 0.4167 -> 0.2708 -> 0.2708,0.0,0.625,0.2708333333333333,,1.0,0.2708333333333333,1767346472.169185,authority_spoof_0.5_filter0_prefer_update_latest_k4,3,runs\authority_spoof_0.5_filter0_prefer_update_latest_k4_s3q16,authority_spoof_0.5_filter0_prefer_update_latest_k4_s3q16,0.375,0.4857142857142857,0.4166666666666667,0.3958333333333333,,1.0,0.2708333333333333,0.45,1.0,0.3541666666666667
,,,0.75,1.0,0.75,1.0000 -> 0.7500 -> 0.7500 -> 0.7500,0.0,1.0,0.75,,1.0,0.75,1767348657.3091438,authority_spoof_0.5_filter1_linear_hardneg_k4,3,runs\authority_spoof_0.5_filter1_linear_hardneg_k4_s3q16,authority_spoof_0.5_filter1_linear_hardneg_k4_s3q16,0.0,1.0,0.75,1.0,,1.0,0.75,1.0,1.0,0.25
,,,0.4583333333333333,1.0,0.4583333333333333,1.0000 -> 0.4583 -> 0.4583 -> 0.4583,0.0,1.0,0.4583333333333333,,1.0,0.4583333333333333,1767346278.5253468,authority_spoof_0.5_filter1_linear_k4,3,runs\authority_spoof_0.5_filter1_linear_k4_s3q16,authority_spoof_0.5_filter1_linear_k4_s3q16,0.0,1.0,0.4583333333333333,0.0,,1.0,0.4583333333333333,1.0,1.0,0.5416666666666666
,,,0.6875,1.0,0.6875,1.0000 -> 0.6875 -> 0.6875 -> 0.6875,0.0,1.0,0.6875,,1.0,0.6875,1767347139.4596083,authority_spoof_0.5_filter1_linear_latestfeat_k2,3,runs\authority_spoof_0.5_filter1_linear_latestfeat_k2_s3q16,authority_spoof_0.5_filter1_linear_latestfeat_k2_s3q16,0.0,1.0,0.6875,0.25,,1.0,0.6875,1.0,1.0,0.3125
,,,0.5625,1.0,0.5625,1.0000 -> 0.5625 -> 0.5625 -> 0.5625,0.0,1.0,0.5625,,1.0,0.5625,1767347141.5459995,authority_spoof_0.5_filter1_linear_latestfeat_k4,3,runs\authority_spoof_0.5_filter1_linear_latestfeat_k4_s3q16,authority_spoof_0.5_filter1_linear_latestfeat_k4_s3q16,0.0,1.0,0.5625,0.125,,1.0,0.5625,1.0,1.0,0.4375
,,,0.3958333333333333,1.0,0.3958333333333333,1.0000 -> 0.3958 -> 0.3958 -> 0.3958,0.0,1.0,0.3958333333333333,,1.0,0.3958333333333333,1767347143.5492268,authority_spoof_0.5_filter1_linear_latestfeat_k8,3,runs\authority_spoof_0.5_filter1_linear_latestfeat_k8_s3q16,authority_spoof_0.5_filter1_linear_latestfeat_k8_s3q16,0.0,1.0,0.3958333333333333,0.0,,1.0,0.3958333333333333,1.0,1.0,0.6041666666666666
,,,0.5416666666666666,1.0,0.5416666666666666,1.0000 -> 0.5417 -> 0.5417 -> 0.5417,0.0,1.0,0.5416666666666666,,1.0,0.5416666666666666,1767347694.1908846,authority_spoof_0.5_filter1_linear_note+wrongpen_k4,3,runs\authority_spoof_0.5_filter1_linear_note+wrongpen_k4_s3q16,authority_spoof_0.5_filter1_linear_note+wrongpen_k4_s3q16,0.0,1.0,0.5416666666666666,0.10416666666666667,,1.0,0.5416666666666666,1.0,1.0,0.4583333333333333
,,,0.5,1.0,0.5,1.0000 -> 0.5000 -> 0.5000 -> 0.5000,0.0,1.0,0.5,,1.0,0.5,1767347449.942378,authority_spoof_0.5_filter1_linear_recencyrank_k4,3,runs\authority_spoof_0.5_filter1_linear_recencyrank_k4_s3q16,authority_spoof_0.5_filter1_linear_recencyrank_k4_s3q16,0.0,1.0,0.5,0.125,,1.0,0.5,1.0,1.0,0.5
,,,1.0,1.0,1.0,1.0000 -> 1.0000 -> 1.0000 -> 1.0000,0.0,1.0,1.0,,1.0,1.0,1767348755.0512176,authority_spoof_0.5_filter1_linear_spoofpen_hardneg_gold_first_k4,3,runs\authority_spoof_0.5_filter1_linear_spoofpen_hardneg_gold_first_k4_s3q16,authority_spoof_0.5_filter1_linear_spoofpen_hardneg_gold_first_k4_s3q16,0.0,,1.0,0.3125,,1.0,1.0,1.0,1.0,0.0
,,,1.0,1.0,1.0,1.0000 -> 1.0000 -> 1.0000 -> 1.0000,0.0,1.0,1.0,,1.0,1.0,1767348759.5244684,authority_spoof_0.5_filter1_linear_spoofpen_hardneg_gold_last_k4,3,runs\authority_spoof_0.5_filter1_linear_spoofpen_hardneg_gold_last_k4_s3q16,authority_spoof_0.5_filter1_linear_spoofpen_hardneg_gold_last_k4_s3q16,0.0,,1.0,0.4375,,1.0,1.0,1.0,1.0,0.0
,,,1.0,1.0,1.0,1.0000 -> 1.0000 -> 1.0000 -> 1.0000,0.0,1.0,1.0,,1.0,1.0,1767348757.2494278,authority_spoof_0.5_filter1_linear_spoofpen_hardneg_gold_middle_k4,3,runs\authority_spoof_0.5_filter1_linear_spoofpen_hardneg_gold_middle_k4_s3q16,authority_spoof_0.5_filter1_linear_spoofpen_hardneg_gold_middle_k4_s3q16,0.0,,1.0,0.5,,1.0,1.0,1.0,1.0,0.0
,,,1.0,1.0,1.0,1.0000 -> 1.0000 -> 1.0000 -> 1.0000,0.0,1.0,1.0,,1.0,1.0,1767348656.9431589,authority_spoof_0.5_filter1_linear_spoofpen_hardneg_k4,3,runs\authority_spoof_0.5_filter1_linear_spoofpen_hardneg_k4_s3q16,authority_spoof_0.5_filter1_linear_spoofpen_hardneg_k4_s3q16,0.0,,1.0,0.4375,,1.0,1.0,1.0,1.0,0.0
,,,1.0,1.0,1.0,1.0000 -> 1.0000 -> 1.0000 -> 1.0000,0.0,1.0,1.0,,1.0,1.0,1767348761.7628295,authority_spoof_0.5_filter1_linear_spoofpen_hardneg_shuffle_k4,3,runs\authority_spoof_0.5_filter1_linear_spoofpen_hardneg_shuffle_k4_s3q16,authority_spoof_0.5_filter1_linear_spoofpen_hardneg_shuffle_k4_s3q16,0.0,,1.0,0.5,,1.0,1.0,1.0,1.0,0.0
,,,0.6041666666666666,1.0,0.6041666666666666,1.0000 -> 0.6042 -> 0.6042 -> 0.6042,0.0,1.0,0.6041666666666666,,1.0,0.6041666666666666,1767348657.5771332,authority_spoof_0.5_filter1_linear_wrongpen_k4,3,runs\authority_spoof_0.5_filter1_linear_wrongpen_k4_s3q16,authority_spoof_0.5_filter1_linear_wrongpen_k4_s3q16,0.0,1.0,0.6041666666666666,0.20833333333333334,,1.0,0.6041666666666666,1.0,1.0,0.3958333333333333
,,,0.3125,1.0,0.3125,1.0000 -> 0.3125 -> 0.3125 -> 0.3125,0.0,1.0,0.3125,,1.0,0.3125,1767346474.322806,authority_spoof_0.5_filter1_prefer_update_latest_k4,3,runs\authority_spoof_0.5_filter1_prefer_update_latest_k4_s3q16,authority_spoof_0.5_filter1_prefer_update_latest_k4_s3q16,0.0,1.0,0.3125,0.0625,,1.0,0.3125,1.0,1.0,0.6875
,,,0.4375,0.7142857142857143,0.4375,1.0000 -> 0.4375 -> 0.4375 -> 0.4375,0.0,0.75,0.4375,,1.0,0.4375,1767345879.321387,authority_spoof_0.5_linear_k4,3,runs\authority_spoof_0.5_linear_k4_s3q16,authority_spoof_0.5_linear_k4_s3q16,0.25,0.5555555555555556,0.4375,0.2708333333333333,,1.0,0.4375,0.7142857142857143,1.0,0.3125
,,,1.0,,0.041666666666666664,0.0417 -> 1.0000 -> 1.0000 -> 0.0417,0.0,1.0,0.041666666666666664,,0.041666666666666664,,1767228826.949727,bm25_kv,3,runs\bm25_kv_s3q16,bm25_kv_s3q16,,,1.0,,,,0.041666666666666664,,,
,,,1.0,1.0,1.0,1.0000 -> 1.0000 -> 1.0000 -> 1.0000,0.0,1.0,1.0,,1.0,1.0,1767349602.0827084,dense_kv,3,runs\dense_kv_s3q16,dense_kv_s3q16,0.0,,1.0,0.375,,1.0,1.0,1.0,1.0,0.0
,,,,,1.0,,,1.0,1.0,,,,1766438144.27854,drop_0,2,runs\drop_0,drop_0,,,,,,,1.0,,,
,,,,,0.625,,,1.0,0.625,,,,1766438572.5961056,drop_0_2,2,runs\drop_0_2,drop_0_2,,,,,,,0.625,,,
,,,,,0.625,,,1.0,0.625,,,,1766438994.3084743,drop_0_4,2,runs\drop_0_4,drop_0_4,,,,,,,0.625,,,
,,,,,0.25,,,1.0,0.25,,,,1766439424.9867425,drop_0_6,2,runs\drop_0_6,drop_0_6,,,,,,,0.25,,,
,,,,,0.125,,,1.0,0.125,,,,1766439963.533077,drop_0_8,2,runs\drop_0_8,drop_0_8,,,,,,,0.125,,,
,,,,,0.4333333333333333,,0.16666666666666666,1.0,0.4333333333333333,,,,1766532684.5598817,drop_k4_shuffle_p0.2,5,runs\drop_k4_shuffle_p0.2_s5q24,drop_k4_shuffle_p0.2_s5q24,,,,,,,0.4333333333333333,,,
,,,,,0.4333333333333333,,0.2916666666666667,1.0,0.4333333333333333,,,,1766536143.7273238,drop_k4_shuffle_p0.4,5,runs\drop_k4_shuffle_p0.4_s5q24,drop_k4_shuffle_p0.4_s5q24,,,,,,,0.4333333333333333,,,
,,,,,0.5083333333333333,,0.0,1.0,0.5083333333333333,,,,1766529445.658887,drop_k4_shuffle_p0,5,runs\drop_k4_shuffle_p0_s5q24,drop_k4_shuffle_p0_s5q24,,,,,,,0.5083333333333333,,,
,,,0.975,,1.0,1.0000 -> 1.0000 -> 0.9750 -> 0.9750,0.0,0.975,0.975,,1.0,,1767151034.262544,kv_bakeoff_latest_step,5,runs\kv_bakeoff_latest_step_s5q24,kv_bakeoff_latest_step_s5q24,,,1.0,,,,0.975,,,
,,,0.975,,1.0,1.0000 -> 1.0000 -> 0.9750 -> 0.9750,0.0,0.975,0.975,,1.0,,1767155622.138281,kv_bakeoff_linear,5,runs\kv_bakeoff_linear_s5q24,kv_bakeoff_linear_s5q24,,,1.0,,,,0.975,,,
,,,0.8083333333333333,,1.0,1.0000 -> 1.0000 -> 0.8083 -> 0.8083,0.0,0.8083333333333333,0.8083333333333333,,1.0,,1767169000.148178,kv_bakeoff_llama_latest_step,5,runs\kv_bakeoff_llama_latest_step_s5q24,kv_bakeoff_llama_latest_step_s5q24,,,1.0,,,,0.8083333333333333,,,
,,,0.35833333333333334,,0.3583333333333333,1.0000 -> 0.3583 -> 0.3583 -> 0.3583,0.0,0.9916666666666666,0.3583333333333333,,1.0,,1767148722.6829882,kv_bakeoff_none,5,runs\kv_bakeoff_none_s5q24,kv_bakeoff_none_s5q24,,,0.35833333333333334,,,,0.3583333333333333,,,
,,,0.975,,1.0,1.0000 -> 1.0000 -> 0.9750 -> 0.9750,0.0,0.975,0.975,,1.0,,1767153360.4072247,kv_bakeoff_prefer_set_latest,5,runs\kv_bakeoff_prefer_set_latest_s5q24,kv_bakeoff_prefer_set_latest_s5q24,,,1.0,,,,0.975,,,
,,,0.975,,1.0,1.0000 -> 1.0000 -> 0.9750 -> 0.9750,0.0,0.975,0.975,,1.0,,1767166125.8992014,kv_bakeoff_qwen_latest_step,5,runs\kv_bakeoff_qwen_latest_step_s5q24,kv_bakeoff_qwen_latest_step_s5q24,,,1.0,,,,0.975,,,
,,,0.75,,0.75,1.0000 -> 1.0000 -> 0.7500 -> 0.7500,0.0,0.75,0.75,,1.0,,1766866428.0907667,kv_commentary_ab_latest_step,1,runs\kv_commentary_ab_latest_step,kv_commentary_ab_latest_step,,,1.0,,,,0.75,,,
,,,0.75,,0.75,1.0000 -> 0.7500 -> 0.7500 -> 0.7500,0.0,1.0,0.75,,1.0,,1766866590.526347,kv_commentary_ab_prefer_set_latest,1,runs\kv_commentary_ab_prefer_set_latest,kv_commentary_ab_prefer_set_latest,,,0.75,,,,0.75,,,
,,,1.0,,1.0,1.0000 -> 1.0000 -> 1.0000 -> 1.0000,0.0,1.0,1.0,,1.0,,1767302249.1011567,kv_commentary_authfilter_linear_k2,5,runs\kv_commentary_authfilter_linear_k2_s5q24,kv_commentary_authfilter_linear_k2_s5q24,,,1.0,,,,1.0,,,
,,,1.0,,1.0,1.0000 -> 1.0000 -> 1.0000 -> 1.0000,0.0,1.0,1.0,,1.0,,1767304298.646229,kv_commentary_authfilter_linear_k4,5,runs\kv_commentary_authfilter_linear_k4_s5q24,kv_commentary_authfilter_linear_k4_s5q24,,,1.0,,,,1.0,,,
,,,1.0,,1.0,1.0000 -> 1.0000 -> 1.0000 -> 1.0000,0.0,1.0,1.0,,1.0,,1767306470.072512,kv_commentary_authfilter_linear_k8,5,runs\kv_commentary_authfilter_linear_k8_s5q24,kv_commentary_authfilter_linear_k8_s5q24,,,1.0,,,,1.0,,,
,,,0.8916666666666667,,0.8916666666666666,1.0000 -> 0.8917 -> 0.8917 -> 0.8917,0.0,1.0,0.8916666666666666,,1.0,,1767296073.5617914,kv_commentary_authfilter_prefer_set_latest_k2,5,runs\kv_commentary_authfilter_prefer_set_latest_k2_s5q24,kv_commentary_authfilter_prefer_set_latest_k2_s5q24,,,0.8916666666666667,,,,0.8916666666666666,,,
,,,0.8916666666666667,,0.8916666666666666,1.0000 -> 0.8917 -> 0.8917 -> 0.8917,0.0,1.0,0.8916666666666666,,1.0,,1767298145.630994,kv_commentary_authfilter_prefer_set_latest_k4,5,runs\kv_commentary_authfilter_prefer_set_latest_k4_s5q24,kv_commentary_authfilter_prefer_set_latest_k4_s5q24,,,0.8916666666666667,,,,0.8916666666666666,,,
,,,0.8916666666666667,,0.8916666666666666,1.0000 -> 0.8917 -> 0.8917 -> 0.8917,0.0,1.0,0.8916666666666666,,1.0,,1767300216.9200952,kv_commentary_authfilter_prefer_set_latest_k8,5,runs\kv_commentary_authfilter_prefer_set_latest_k8_s5q24,kv_commentary_authfilter_prefer_set_latest_k8_s5q24,,,0.8916666666666667,,,,0.8916666666666666,,,
,,,1.0,,1.0,1.0000 -> 1.0000 -> 1.0000 -> 1.0000,0.0,1.0,1.0,,1.0,,1767217840.7917747,kv_commentary_grid_linear_authfilter_k2,5,runs\kv_commentary_grid_linear_authfilter_k2_s5q24,kv_commentary_grid_linear_authfilter_k2_s5q24,,,1.0,,,,1.0,,,
,,,1.0,,1.0,1.0000 -> 1.0000 -> 1.0000 -> 1.0000,0.0,1.0,1.0,,1.0,,1767220234.6026938,kv_commentary_grid_linear_authfilter_k4,5,runs\kv_commentary_grid_linear_authfilter_k4_s5q24,kv_commentary_grid_linear_authfilter_k4_s5q24,,,1.0,,,,1.0,,,
,,,1.0,,1.0,1.0000 -> 1.0000 -> 1.0000 -> 1.0000,0.0,1.0,1.0,,1.0,,1767222773.2608278,kv_commentary_grid_linear_authfilter_k8,5,runs\kv_commentary_grid_linear_authfilter_k8_s5q24,kv_commentary_grid_linear_authfilter_k8_s5q24,,,1.0,,,,1.0,,,
,,,0.7291666666666666,,0.7291666666666666,1.0000 -> 1.0000 -> 0.7292 -> 0.7292,0.0,0.8541666666666666,0.7291666666666666,,1.0,,1767171923.200553,kv_commentary_grid_linear_k2,3,runs\kv_commentary_grid_linear_k2_s3q16,kv_commentary_grid_linear_k2_s3q16,,,1.0,,,,0.7291666666666666,,,
,,,0.7291666666666666,,0.7291666666666666,1.0000 -> 1.0000 -> 0.7292 -> 0.7292,0.0,0.8541666666666666,0.7291666666666666,,1.0,,1767173539.2623973,kv_commentary_grid_linear_k4,3,runs\kv_commentary_grid_linear_k4_s3q16,kv_commentary_grid_linear_k4_s3q16,,,1.0,,,,0.7291666666666666,,,
,,,0.7291666666666666,,0.7291666666666666,1.0000 -> 1.0000 -> 0.7292 -> 0.7292,0.0,0.8541666666666666,0.7291666666666666,,1.0,,1767175159.6643777,kv_commentary_grid_linear_k8,3,runs\kv_commentary_grid_linear_k8_s3q16,kv_commentary_grid_linear_k8_s3q16,,,1.0,,,,0.7291666666666666,,,
,,,0.9791666666666666,,0.9791666666666666,1.0000 -> 0.7500 -> 0.9792 -> 0.9792,0.0,1.0,0.9791666666666666,,1.0,,1767171117.1279645,kv_commentary_grid_prefer_set_latest_k2,3,runs\kv_commentary_grid_prefer_set_latest_k2_s3q16,kv_commentary_grid_prefer_set_latest_k2_s3q16,,,0.75,,,,0.9791666666666666,,,
,,,1.0,,1.0,1.0000 -> 0.7292 -> 1.0000 -> 1.0000,0.0,1.0,1.0,,1.0,,1767172737.051287,kv_commentary_grid_prefer_set_latest_k4,3,runs\kv_commentary_grid_prefer_set_latest_k4_s3q16,kv_commentary_grid_prefer_set_latest_k4_s3q16,,,0.7291666666666666,,,,1.0,,,
,,,1.0,,1.0,1.0000 -> 0.7292 -> 1.0000 -> 1.0000,0.0,1.0,1.0,,1.0,,1767174354.8902216,kv_commentary_grid_prefer_set_latest_k8,3,runs\kv_commentary_grid_prefer_set_latest_k8_s3q16,kv_commentary_grid_prefer_set_latest_k8_s3q16,,,0.7291666666666666,,,,1.0,,,
,,,0.7291666666666666,,0.7291666666666666,1.0000 -> 1.0000 -> 0.7292 -> 0.7292,0.0,0.8541666666666666,0.7291666666666666,,1.0,,1767077824.3476722,kv_commentary_latest_step,3,runs\kv_commentary_latest_step_s3q16,kv_commentary_latest_step_s3q16,,,1.0,,,,0.7291666666666666,,,
,,,,,0.0,,0.0,1.0,0.0,,,,1767236995.9578278,kv_commentary_linear_k2,3,runs\kv_commentary_linear_k2_s3q16,kv_commentary_linear_k2_s3q16,,,,,,,0.0625,,,
,,,1.0,,0.0625,0.0625 -> 1.0000 -> 1.0000 -> 0.0625,0.0,1.0,0.0625,,0.0625,,1767237717.9906385,kv_commentary_linear_k4,3,runs\kv_commentary_linear_k4_s3q16,kv_commentary_linear_k4_s3q16,,,1.0,,,,0.0625,,,
,,,1.0,,0.0625,0.0625 -> 1.0000 -> 1.0000 -> 0.0625,0.0,1.0,0.0625,,0.0625,,1767238454.1311324,kv_commentary_linear_k8,3,runs\kv_commentary_linear_k8_s3q16,kv_commentary_linear_k8_s3q16,,,1.0,,,,0.0625,,,
,,,0.9583333333333334,,0.9583333333333334,1.0000 -> 0.9583 -> 0.9583 -> 0.9583,0.0,1.0,0.9583333333333334,,1.0,,1767309318.6654174,kv_commentary_linear_note_order_gold_first_k4,5,runs\kv_commentary_linear_note_order_gold_first_k4_s5q24,kv_commentary_linear_note_order_gold_first_k4_s5q24,,,0.9583333333333334,,,,0.9583333333333334,,,
,,,1.0,,1.0,1.0000 -> 1.0000 -> 1.0000 -> 1.0000,0.0,1.0,1.0,,1.0,,1767313860.608099,kv_commentary_linear_note_order_gold_last_k4,5,runs\kv_commentary_linear_note_order_gold_last_k4_s5q24,kv_commentary_linear_note_order_gold_last_k4_s5q24,,,1.0,,,,1.0,,,
,,,1.0,,1.0,1.0000 -> 1.0000 -> 1.0000 -> 1.0000,0.0,1.0,1.0,,1.0,,1767311588.1022284,kv_commentary_linear_note_order_gold_middle_k4,5,runs\kv_commentary_linear_note_order_gold_middle_k4_s5q24,kv_commentary_linear_note_order_gold_middle_k4_s5q24,,,1.0,,,,1.0,,,
,,,1.0,,1.0,1.0000 -> 1.0000 -> 1.0000 -> 1.0000,0.0,1.0,1.0,,1.0,,1767316276.0205061,kv_commentary_linear_note_order_shuffle_k4,5,runs\kv_commentary_linear_note_order_shuffle_k4_s5q24,kv_commentary_linear_note_order_shuffle_k4_s5q24,,,1.0,,,,1.0,,,
,,,0.5666666666666667,,0.5666666666666667,1.0000 -> 0.9833 -> 0.5667 -> 0.5667,0.0,0.725,0.5666666666666667,,1.0,,1767134678.2738676,kv_commentary_linear_note,5,runs\kv_commentary_linear_note_s5q24,kv_commentary_linear_note_s5q24,,,0.9833333333333333,,,,0.5666666666666667,,,
,,,0.5666666666666667,,0.5666666666666667,1.0000 -> 0.9833 -> 0.5667 -> 0.5667,0.0,0.725,0.5666666666666667,,1.0,,1767137767.8170683,kv_commentary_linear_order_gold_first_k4,5,runs\kv_commentary_linear_order_gold_first_k4_s5q24,kv_commentary_linear_order_gold_first_k4_s5q24,,,0.9833333333333333,,,,0.5666666666666667,,,
,,,0.5583333333333333,,0.5583333333333333,1.0000 -> 0.9750 -> 0.5583 -> 0.5583,0.0,0.7166666666666666,0.5583333333333333,,1.0,,1767142133.1818316,kv_commentary_linear_order_gold_last_k4,5,runs\kv_commentary_linear_order_gold_last_k4_s5q24,kv_commentary_linear_order_gold_last_k4_s5q24,,,0.975,,,,0.5583333333333333,,,
,,,0.5666666666666667,,0.5666666666666667,1.0000 -> 0.9833 -> 0.5667 -> 0.5667,0.0,0.725,0.5666666666666667,,1.0,,1767139943.039128,kv_commentary_linear_order_gold_middle_k4,5,runs\kv_commentary_linear_order_gold_middle_k4_s5q24,kv_commentary_linear_order_gold_middle_k4_s5q24,,,0.9833333333333333,,,,0.5666666666666667,,,
,,,0.5583333333333333,,0.5583333333333333,1.0000 -> 0.9750 -> 0.5583 -> 0.5583,0.0,0.7166666666666666,0.5583333333333333,,1.0,,1767144322.8469255,kv_commentary_linear_order_shuffle_k4,5,runs\kv_commentary_linear_order_shuffle_k4_s5q24,kv_commentary_linear_order_shuffle_k4_s5q24,,,0.975,,,,0.5583333333333333,,,
,,,0.7291666666666666,,0.7291666666666666,1.0000 -> 1.0000 -> 0.7292 -> 0.7292,0.0,0.8541666666666666,0.7291666666666666,,1.0,,1767057815.3324416,kv_commentary_linear,3,runs\kv_commentary_linear_s3q16,kv_commentary_linear_s3q16,,,1.0,,,,0.7291666666666666,,,
,,,0.6458333333333334,0.6739130434782609,0.6458333333333334,1.0000 -> 0.9583 -> 0.6458 -> 0.6458,0.0,0.6458333333333334,0.6458333333333334,,1.0,0.6458333333333334,1767337829.571235,kv_commentary_noteaware_det_gold_first_k4,3,runs\kv_commentary_noteaware_det_gold_first_k4_s3q16,kv_commentary_noteaware_det_gold_first_k4_s3q16,,,0.9583333333333334,,,1.0,0.6458333333333334,0.6739130434782609,1.0,
,,,0.6875,0.6875,0.6875,1.0000 -> 1.0000 -> 0.6875 -> 0.6875,0.0,0.6875,0.6875,,1.0,0.6875,1767337830.2985241,kv_commentary_noteaware_det_gold_last_k4,3,runs\kv_commentary_noteaware_det_gold_last_k4_s3q16,kv_commentary_noteaware_det_gold_last_k4_s3q16,,,1.0,,,1.0,0.6875,0.6875,1.0,
,,,0.6458333333333334,0.6739130434782609,0.6458333333333334,1.0000 -> 0.9583 -> 0.6458 -> 0.6458,0.0,0.6458333333333334,0.6458333333333334,,1.0,0.6458333333333334,1767337830.0205307,kv_commentary_noteaware_det_gold_middle_k4,3,runs\kv_commentary_noteaware_det_gold_middle_k4_s3q16,kv_commentary_noteaware_det_gold_middle_k4_s3q16,,,0.9583333333333334,,,1.0,0.6458333333333334,0.6739130434782609,1.0,
,,,0.6666666666666666,0.6808510638297872,0.6666666666666666,1.0000 -> 0.9792 -> 0.6667 -> 0.6667,0.0,0.6666666666666666,0.6666666666666666,,1.0,0.6666666666666666,1767337830.8615186,kv_commentary_noteaware_det_shuffle_k4,3,runs\kv_commentary_noteaware_det_shuffle_k4_s3q16,kv_commentary_noteaware_det_shuffle_k4_s3q16,,,0.9791666666666666,,,1.0,0.6666666666666666,0.6808510638297872,1.0,
,,,0.6458333333333334,0.6739130434782609,0.6458333333333334,1.0000 -> 0.9583 -> 0.6458 -> 0.6458,0.0,0.7083333333333334,0.6458333333333334,,1.0,,1767336850.1388106,kv_commentary_noteaware_gold_first_k4,3,runs\kv_commentary_noteaware_gold_first_k4_s3q16,kv_commentary_noteaware_gold_first_k4_s3q16,,,0.9583333333333334,,,,0.6458333333333334,0.6739130434782609,0.975,
,,,0.6875,0.6875,0.6875,1.0000 -> 1.0000 -> 0.6875 -> 0.6875,0.0,0.75,0.6875,,1.0,,1767336851.0208008,kv_commentary_noteaware_gold_last_k4,3,runs\kv_commentary_noteaware_gold_last_k4_s3q16,kv_commentary_noteaware_gold_last_k4_s3q16,,,1.0,,,,0.6875,0.6875,0.9761904761904762,
,,,0.6458333333333334,0.6739130434782609,0.6458333333333334,1.0000 -> 0.9583 -> 0.6458 -> 0.6458,0.0,0.7083333333333334,0.6458333333333334,,1.0,,1767336850.6288052,kv_commentary_noteaware_gold_middle_k4,3,runs\kv_commentary_noteaware_gold_middle_k4_s3q16,kv_commentary_noteaware_gold_middle_k4_s3q16,,,0.9583333333333334,,,,0.6458333333333334,0.6739130434782609,0.975,
,,,0.6458333333333334,,0.6458333333333334,1.0000 -> 0.9583 -> 0.6458 -> 0.6458,0.0,0.7083333333333334,0.6458333333333334,,1.0,,1767325388.0205474,kv_commentary_noteaware_pick_gold_first_k4,3,runs\kv_commentary_noteaware_pick_gold_first_k4_s3q16,kv_commentary_noteaware_pick_gold_first_k4_s3q16,,,0.9583333333333334,,,,0.6458333333333334,,,
,,,0.6875,,0.6875,1.0000 -> 1.0000 -> 0.6875 -> 0.6875,0.0,0.75,0.6875,,1.0,,1767327486.2141294,kv_commentary_noteaware_pick_gold_last_k4,3,runs\kv_commentary_noteaware_pick_gold_last_k4_s3q16,kv_commentary_noteaware_pick_gold_last_k4_s3q16,,,1.0,,,,0.6875,,,
,,,0.6458333333333334,,0.6458333333333334,1.0000 -> 0.9583 -> 0.6458 -> 0.6458,0.0,0.7083333333333334,0.6458333333333334,,1.0,,1767326454.5746822,kv_commentary_noteaware_pick_gold_middle_k4,3,runs\kv_commentary_noteaware_pick_gold_middle_k4_s3q16,kv_commentary_noteaware_pick_gold_middle_k4_s3q16,,,0.9583333333333334,,,,0.6458333333333334,,,
,,,0.6666666666666666,,0.6666666666666666,1.0000 -> 0.9792 -> 0.6667 -> 0.6667,0.0,0.7291666666666666,0.6666666666666666,,1.0,,1767328453.6776483,kv_commentary_noteaware_pick_shuffle_k4,3,runs\kv_commentary_noteaware_pick_shuffle_k4_s3q16,kv_commentary_noteaware_pick_shuffle_k4_s3q16,,,0.9791666666666666,,,,0.6666666666666666,,,
,,,0.6666666666666666,0.6808510638297872,0.6666666666666666,1.0000 -> 0.9792 -> 0.6667 -> 0.6667,0.0,0.7291666666666666,0.6666666666666666,,1.0,,1767336851.4277961,kv_commentary_noteaware_shuffle_k4,3,runs\kv_commentary_noteaware_shuffle_k4_s3q16,kv_commentary_noteaware_shuffle_k4_s3q16,,,0.9791666666666666,,,,0.6666666666666666,0.6808510638297872,0.975609756097561,
,,,0.9375,1.0,0.9375,1.0000 -> 0.6250 -> 0.9375 -> 0.9375,0.0,1.0,0.9375,,1.0,0.9375,1767342891.847258,kv_commentary_noteaware_train2_gold_first_k4,3,runs\kv_commentary_noteaware_train2_gold_first_k4_s3q16,kv_commentary_noteaware_train2_gold_first_k4_s3q16,0.0,1.0,0.625,,,1.0,0.9375,1.0,1.0,0.0625
,,,0.9375,1.0,0.9375,1.0000 -> 0.6250 -> 0.9375 -> 0.9375,0.0,1.0,0.9375,,1.0,0.9375,1767342913.4805527,kv_commentary_noteaware_train2_gold_last_k4,3,runs\kv_commentary_noteaware_train2_gold_last_k4_s3q16,kv_commentary_noteaware_train2_gold_last_k4_s3q16,0.0,1.0,0.625,,,1.0,0.9375,1.0,1.0,0.0625
,,,0.9375,1.0,0.9375,1.0000 -> 0.6250 -> 0.9375 -> 0.9375,0.0,1.0,0.9375,,1.0,0.9375,1767342906.07696,kv_commentary_noteaware_train2_gold_middle_k4,3,runs\kv_commentary_noteaware_train2_gold_middle_k4_s3q16,kv_commentary_noteaware_train2_gold_middle_k4_s3q16,0.0,1.0,0.625,,,1.0,0.9375,1.0,1.0,0.0625
,,,0.9375,1.0,0.9375,1.0000 -> 0.6250 -> 0.9375 -> 0.9375,0.0,1.0,0.9375,,1.0,0.9375,1767342853.7110486,kv_commentary_noteaware_train2_shuffle_k4,3,runs\kv_commentary_noteaware_train2_shuffle_k4_s3q16,kv_commentary_noteaware_train2_shuffle_k4_s3q16,0.0,1.0,0.625,,,1.0,0.9375,1.0,1.0,0.0625
,,,0.6458333333333334,0.6739130434782609,0.6458333333333334,1.0000 -> 0.9583 -> 0.6458 -> 0.6458,0.0,0.6458333333333334,0.6458333333333334,,1.0,0.6458333333333334,1767339934.8381612,kv_commentary_noteaware_train_gold_first_k4,3,runs\kv_commentary_noteaware_train_gold_first_k4_s3q16,kv_commentary_noteaware_train_gold_first_k4_s3q16,0.3541666666666667,0.0,0.9583333333333334,,,1.0,0.6458333333333334,0.6739130434782609,1.0,
,,,0.6875,0.6875,0.6875,1.0000 -> 1.0000 -> 0.6875 -> 0.6875,0.0,0.6875,0.6875,,1.0,0.6875,1767339935.7070012,kv_commentary_noteaware_train_gold_last_k4,3,runs\kv_commentary_noteaware_train_gold_last_k4_s3q16,kv_commentary_noteaware_train_gold_last_k4_s3q16,0.3125,0.0,1.0,,,1.0,0.6875,0.6875,1.0,
,,,0.6875,0.6875,0.6875,1.0000 -> 1.0000 -> 0.6875 -> 0.6875,0.0,0.6875,0.6875,,1.0,0.6875,1767339935.3481567,kv_commentary_noteaware_train_gold_middle_k4,3,runs\kv_commentary_noteaware_train_gold_middle_k4_s3q16,kv_commentary_noteaware_train_gold_middle_k4_s3q16,0.3125,0.0,1.0,,,1.0,0.6875,0.6875,1.0,
,,,0.6875,0.6875,0.6875,1.0000 -> 1.0000 -> 0.6875 -> 0.6875,0.0,0.6875,0.6875,,1.0,0.6875,1767339936.002271,kv_commentary_noteaware_train_shuffle_k4,3,runs\kv_commentary_noteaware_train_shuffle_k4_s3q16,kv_commentary_noteaware_train_shuffle_k4_s3q16,0.3125,0.0,1.0,,,1.0,0.6875,0.6875,1.0,
,,,1.0,,1.0,1.0000 -> 0.7292 -> 1.0000 -> 1.0000,0.0,1.0,1.0,,1.0,,1767117551.3071997,kv_commentary_order_gold_first_prefer_update_k4,3,runs\kv_commentary_order_gold_first_prefer_update_k4_s3q16,kv_commentary_order_gold_first_prefer_update_k4_s3q16,,,0.7291666666666666,,,,1.0,,,
,,,1.0,,1.0,1.0000 -> 0.7292 -> 1.0000 -> 1.0000,0.0,1.0,1.0,,1.0,,1767119817.601305,kv_commentary_order_gold_last_prefer_update_k4,3,runs\kv_commentary_order_gold_last_prefer_update_k4_s3q16,kv_commentary_order_gold_last_prefer_update_k4_s3q16,,,0.7291666666666666,,,,1.0,,,
,,,1.0,,1.0,1.0000 -> 0.7292 -> 1.0000 -> 1.0000,0.0,1.0,1.0,,1.0,,1767118684.3837407,kv_commentary_order_gold_middle_prefer_update_k4,3,runs\kv_commentary_order_gold_middle_prefer_update_k4_s3q16,kv_commentary_order_gold_middle_prefer_update_k4_s3q16,,,0.7291666666666666,,,,1.0,,,
,,,1.0,,1.0,1.0000 -> 0.7292 -> 1.0000 -> 1.0000,0.0,1.0,1.0,,1.0,,1767120939.9463265,kv_commentary_order_shuffle_prefer_update_k4,3,runs\kv_commentary_order_shuffle_prefer_update_k4_s3q16,kv_commentary_order_shuffle_prefer_update_k4_s3q16,,,0.7291666666666666,,,,1.0,,,
,,,1.0,,1.0,1.0000 -> 1.0000 -> 1.0000 -> 1.0000,0.0,1.0,1.0,,1.0,,1767225942.8784337,kv_commentary_pick_off,3,runs\kv_commentary_pick_off_s3q16,kv_commentary_pick_off_s3q16,,,1.0,,,,1.0,,,
,,,1.0,,1.0,1.0000 -> 1.0000 -> 1.0000 -> 1.0000,0.0,1.0,1.0,,1.0,,1767226955.0936854,kv_commentary_pick_on,3,runs\kv_commentary_pick_on_s3q16,kv_commentary_pick_on_s3q16,,,1.0,,,,1.0,,,
,,,,,0.0,,0.0,1.0,0.0,,,,1767234350.2490034,kv_commentary_prefer_set_latest_k2,3,runs\kv_commentary_prefer_set_latest_k2_s3q16,kv_commentary_prefer_set_latest_k2_s3q16,,,,,,,0.0625,,,
,,,0.0,,0.0,0.0625 -> 0.0000 -> 0.0000 -> 0.0000,0.0,1.0,0.0,,0.0625,,1767235336.178083,kv_commentary_prefer_set_latest_k4,3,runs\kv_commentary_prefer_set_latest_k4_s3q16,kv_commentary_prefer_set_latest_k4_s3q16,,,0.0,,,,0.0,,,
,,,0.0,,0.0,0.0625 -> 0.0000 -> 0.0000 -> 0.0000,0.0,0.9375,0.0,,0.0625,,1767236258.6432037,kv_commentary_prefer_set_latest_k8,3,runs\kv_commentary_prefer_set_latest_k8_s3q16,kv_commentary_prefer_set_latest_k8_s3q16,,,0.0,,,,0.0,,,
,,,1.0,,1.0,1.0000 -> 0.5833 -> 1.0000 -> 1.0000,0.0,1.0,1.0,,1.0,,1767130295.3733275,kv_commentary_prefer_set_latest,5,runs\kv_commentary_prefer_set_latest_s5q24,kv_commentary_prefer_set_latest_s5q24,,,0.5833333333333334,,,,1.0,,,
,,,1.0,,1.0,1.0000 -> 0.5833 -> 1.0000 -> 1.0000,0.0,1.0,1.0,,1.0,,1767132514.4286983,kv_commentary_prefer_update_latest,5,runs\kv_commentary_prefer_update_latest_s5q24,kv_commentary_prefer_update_latest_s5q24,,,0.5833333333333334,,,,1.0,,,
,0.0,,0.75,1.0,0.75,1.0000 -> 0.7500 -> 0.7500 -> 0.7500,0.0,1.0,0.75,0.0,1.0,0.75,1767355091.9811237,kv_wrong_update_bucket10_k16_keys10,3,runs\kv_wrong_update_bucket10_k16_keys10_s3q16,kv_wrong_update_bucket10_k16_keys10_s3q16,0.0,1.0,0.75,0.6875,,1.0,0.75,1.0,1.0,0.25
,0.0,,0.5625,1.0,0.5625,1.0000 -> 0.5625 -> 0.5625 -> 0.5625,0.0,1.0,0.5625,0.0,1.0,0.5625,1767355089.8942728,kv_wrong_update_bucket10_k16_keys4,3,runs\kv_wrong_update_bucket10_k16_keys4_s3q16,kv_wrong_update_bucket10_k16_keys4_s3q16,0.0,1.0,0.5625,0.7083333333333334,,1.0,0.5625,1.0,1.0,0.4375
,0.0,,0.7916666666666666,1.0,0.7916666666666666,1.0000 -> 0.7917 -> 0.7917 -> 0.7917,0.0,1.0,0.7916666666666666,0.0,1.0,0.7916666666666666,1767355086.0551805,kv_wrong_update_bucket10_k8_keys10,3,runs\kv_wrong_update_bucket10_k8_keys10_s3q16,kv_wrong_update_bucket10_k8_keys10_s3q16,0.0,1.0,0.7916666666666666,0.75,,1.0,0.7916666666666666,1.0,1.0,0.20833333333333334
,0.0,,0.625,1.0,0.625,1.0000 -> 0.6250 -> 0.6250 -> 0.6250,0.0,1.0,0.625,0.0,1.0,0.625,1767355083.9924135,kv_wrong_update_bucket10_k8_keys4,3,runs\kv_wrong_update_bucket10_k8_keys4_s3q16,kv_wrong_update_bucket10_k8_keys4_s3q16,0.0,1.0,0.625,0.8958333333333334,,1.0,0.625,1.0,1.0,0.375
,0.0,,1.0,1.0,1.0,1.0000 -> 1.0000 -> 1.0000 -> 1.0000,0.0,1.0,1.0,0.0,1.0,1.0,1767355051.4201624,kv_wrong_update_bucket1_k16_keys10,3,runs\kv_wrong_update_bucket1_k16_keys10_s3q16,kv_wrong_update_bucket1_k16_keys10_s3q16,0.0,,1.0,0.75,,1.0,1.0,1.0,1.0,0.0
,0.0,,1.0,1.0,1.0,1.0000 -> 1.0000 -> 1.0000 -> 1.0000,0.0,1.0,1.0,0.0,1.0,1.0,1767355049.3528748,kv_wrong_update_bucket1_k16_keys4,3,runs\kv_wrong_update_bucket1_k16_keys4_s3q16,kv_wrong_update_bucket1_k16_keys4_s3q16,0.0,,1.0,0.9375,,1.0,1.0,1.0,1.0,0.0
,0.0,,1.0,1.0,1.0,1.0000 -> 1.0000 -> 1.0000 -> 1.0000,0.0,1.0,1.0,0.0,1.0,1.0,1767355047.3349779,kv_wrong_update_bucket1_k8_keys10,3,runs\kv_wrong_update_bucket1_k8_keys10_s3q16,kv_wrong_update_bucket1_k8_keys10_s3q16,0.0,,1.0,1.0,,1.0,1.0,1.0,1.0,0.0
,0.0,,1.0,1.0,1.0,1.0000 -> 1.0000 -> 1.0000 -> 1.0000,0.0,1.0,1.0,0.0,1.0,1.0,1767355045.3010242,kv_wrong_update_bucket1_k8_keys4,3,runs\kv_wrong_update_bucket1_k8_keys4_s3q16,kv_wrong_update_bucket1_k8_keys4_s3q16,0.0,,1.0,0.8125,,1.0,1.0,1.0,1.0,0.0
,0.0,,0.5625,1.0,0.5625,1.0000 -> 0.5625 -> 0.5625 -> 0.5625,0.0,1.0,0.5625,0.0,1.0,0.5625,1767355111.2787666,kv_wrong_update_bucket20_k16_keys10,3,runs\kv_wrong_update_bucket20_k16_keys10_s3q16,kv_wrong_update_bucket20_k16_keys10_s3q16,0.0,1.0,0.5625,0.7291666666666666,,1.0,0.5625,1.0,1.0,0.4375
,0.0,,0.20833333333333334,1.0,0.20833333333333334,1.0000 -> 0.2083 -> 0.2083 -> 0.2083,0.0,1.0,0.20833333333333334,0.0,1.0,0.20833333333333334,1767355109.0461,kv_wrong_update_bucket20_k16_keys4,3,runs\kv_wrong_update_bucket20_k16_keys4_s3q16,kv_wrong_update_bucket20_k16_keys4_s3q16,0.0,1.0,0.20833333333333334,0.8125,,1.0,0.20833333333333334,1.0,1.0,0.7916666666666666
,0.0,,0.4166666666666667,1.0,0.4166666666666667,1.0000 -> 0.4167 -> 0.4167 -> 0.4167,0.0,1.0,0.4166666666666667,0.0,1.0,0.4166666666666667,1767355107.0470314,kv_wrong_update_bucket20_k8_keys10,3,runs\kv_wrong_update_bucket20_k8_keys10_s3q16,kv_wrong_update_bucket20_k8_keys10_s3q16,0.0,1.0,0.4166666666666667,0.6666666666666666,,1.0,0.4166666666666667,1.0,1.0,0.5833333333333334
,0.0,,0.3333333333333333,1.0,0.3333333333333333,1.0000 -> 0.3333 -> 0.3333 -> 0.3333,0.0,1.0,0.3333333333333333,0.0,1.0,0.3333333333333333,1767355104.9732182,kv_wrong_update_bucket20_k8_keys4,3,runs\kv_wrong_update_bucket20_k8_keys4_s3q16,kv_wrong_update_bucket20_k8_keys4_s3q16,0.0,1.0,0.3333333333333333,0.8541666666666666,,1.0,0.3333333333333333,1.0,1.0,0.6666666666666666
,0.0,,0.875,1.0,0.875,1.0000 -> 0.8750 -> 0.8750 -> 0.8750,0.0,1.0,0.875,0.0,1.0,0.875,1767355330.9589121,kv_wrong_update_bucket2_k16_keys4,3,runs\kv_wrong_update_bucket2_k16_keys4_s3q16,kv_wrong_update_bucket2_k16_keys4_s3q16,0.0,1.0,0.875,0.8541666666666666,,1.0,0.875,1.0,1.0,0.125
,0.0,,0.9583333333333334,1.0,0.9583333333333334,1.0000 -> 0.9583 -> 0.9583 -> 0.9583,0.0,1.0,0.9583333333333334,0.0,1.0,0.9583333333333334,1767355536.735977,kv_wrong_update_bucket2_k16_keys4_steps120,3,runs\kv_wrong_update_bucket2_k16_keys4_steps120_s3q16,kv_wrong_update_bucket2_k16_keys4_steps120_s3q16,0.0,1.0,0.9583333333333334,0.9166666666666666,,1.0,0.9583333333333334,1.0,1.0,0.041666666666666664
,0.0,,0.8333333333333334,1.0,0.8333333333333334,1.0000 -> 0.8333 -> 0.8333 -> 0.8333,0.0,1.0,0.8333333333333334,0.0,1.0,0.8333333333333334,1767355539.0373776,kv_wrong_update_bucket2_k16_keys4_steps240,3,runs\kv_wrong_update_bucket2_k16_keys4_steps240_s3q16,kv_wrong_update_bucket2_k16_keys4_steps240_s3q16,0.0,1.0,0.8333333333333334,0.7291666666666666,,1.0,0.8333333333333334,1.0,1.0,0.16666666666666666
,0.0,,0.6458333333333334,1.0,0.6458333333333334,1.0000 -> 0.6458 -> 0.6458 -> 0.6458,0.0,1.0,0.6458333333333334,0.0,1.0,0.6458333333333334,1767355344.1048143,kv_wrong_update_bucket3_k16_keys4,3,runs\kv_wrong_update_bucket3_k16_keys4_s3q16,kv_wrong_update_bucket3_k16_keys4_s3q16,0.0,1.0,0.6458333333333334,0.8125,,1.0,0.6458333333333334,1.0,1.0,0.3541666666666667
,0.0,,0.7708333333333334,1.0,0.7708333333333334,1.0000 -> 0.7708 -> 0.7708 -> 0.7708,0.0,1.0,0.7708333333333334,0.0,1.0,0.7708333333333334,1767355357.3813322,kv_wrong_update_bucket4_k16_keys4,3,runs\kv_wrong_update_bucket4_k16_keys4_s3q16,kv_wrong_update_bucket4_k16_keys4_s3q16,0.0,1.0,0.7708333333333334,0.8541666666666666,,1.0,0.7708333333333334,1.0,1.0,0.22916666666666666
,0.0,,0.8125,1.0,0.8125,1.0000 -> 0.8125 -> 0.8125 -> 0.8125,0.0,1.0,0.8125,0.0,1.0,0.8125,1767355070.7777421,kv_wrong_update_bucket5_k16_keys10,3,runs\kv_wrong_update_bucket5_k16_keys10_s3q16,kv_wrong_update_bucket5_k16_keys10_s3q16,0.0,1.0,0.8125,0.8125,,1.0,0.8125,1.0,1.0,0.1875
,0.0,,0.75,1.0,0.75,1.0000 -> 0.7500 -> 0.7500 -> 0.7500,0.0,1.0,0.75,0.0,1.0,0.75,1767355068.5817587,kv_wrong_update_bucket5_k16_keys4,3,runs\kv_wrong_update_bucket5_k16_keys4_s3q16,kv_wrong_update_bucket5_k16_keys4_s3q16,0.0,1.0,0.75,0.8333333333333334,,1.0,0.75,1.0,1.0,0.25
,0.0,,0.8541666666666666,1.0,0.8541666666666666,1.0000 -> 0.8542 -> 0.8542 -> 0.8542,0.0,1.0,0.8541666666666666,0.0,1.0,0.8541666666666666,1767355066.546398,kv_wrong_update_bucket5_k8_keys10,3,runs\kv_wrong_update_bucket5_k8_keys10_s3q16,kv_wrong_update_bucket5_k8_keys10_s3q16,0.0,1.0,0.8541666666666666,0.7916666666666666,,1.0,0.8541666666666666,1.0,1.0,0.14583333333333334
,0.0,,0.7291666666666666,1.0,0.7291666666666666,1.0000 -> 0.7292 -> 0.7292 -> 0.7292,0.0,1.0,0.7291666666666666,0.0,1.0,0.7291666666666666,1767355064.5400858,kv_wrong_update_bucket5_k8_keys4,3,runs\kv_wrong_update_bucket5_k8_keys4_s3q16,kv_wrong_update_bucket5_k8_keys4_s3q16,0.0,1.0,0.7291666666666666,0.6458333333333334,,1.0,0.7291666666666666,1.0,1.0,0.2708333333333333
,0.0,,0.875,1.0,0.875,1.0000 -> 0.8750 -> 0.8750 -> 0.8750,0.0,1.0,0.875,0.0,1.0,0.875,1767354679.11712,kv_wrong_update_linear_bucket10_k8,3,runs\kv_wrong_update_linear_bucket10_k8_s3q16,kv_wrong_update_linear_bucket10_k8_s3q16,0.0,1.0,0.875,0.7291666666666666,,1.0,0.875,1.0,1.0,0.125
,0.0,,1.0,1.0,1.0,1.0000 -> 1.0000 -> 1.0000 -> 1.0000,0.0,1.0,1.0,0.0,1.0,1.0,1767354651.9043074,kv_wrong_update_linear_bucket1_k8,3,runs\kv_wrong_update_linear_bucket1_k8_s3q16,kv_wrong_update_linear_bucket1_k8_s3q16,0.0,,1.0,0.8125,,1.0,1.0,1.0,1.0,0.0
,0.0,,0.5416666666666666,1.0,0.5416666666666666,1.0000 -> 0.5417 -> 0.5417 -> 0.5417,0.0,1.0,0.5416666666666666,0.0,1.0,0.5416666666666666,1767354692.2054348,kv_wrong_update_linear_bucket20_k8,3,runs\kv_wrong_update_linear_bucket20_k8_s3q16,kv_wrong_update_linear_bucket20_k8_s3q16,0.0,1.0,0.5416666666666666,0.8958333333333334,,1.0,0.5416666666666666,1.0,1.0,0.4583333333333333
,0.0,,0.8125,1.0,0.8125,1.0000 -> 0.8125 -> 0.8125 -> 0.8125,0.0,1.0,0.8125,0.0,1.0,0.8125,1767354665.0539975,kv_wrong_update_linear_bucket5_k8,3,runs\kv_wrong_update_linear_bucket5_k8_s3q16,kv_wrong_update_linear_bucket5_k8_s3q16,0.0,1.0,0.8125,0.8125,,1.0,0.8125,1.0,1.0,0.1875
,0.0,,1.0,1.0,1.0,1.0000 -> 1.0000 -> 1.0000 -> 1.0000,0.0,1.0,1.0,0.0,1.0,1.0,1767353455.7636635,kv_wrong_update_linear_k16,3,runs\kv_wrong_update_linear_k16_s3q16,kv_wrong_update_linear_k16_s3q16,0.0,,1.0,0.75,,1.0,1.0,1.0,1.0,0.0
,0.0,,1.0,1.0,1.0,1.0000 -> 1.0000 -> 1.0000 -> 1.0000,0.0,1.0,1.0,0.0,1.0,1.0,1767353278.1712449,kv_wrong_update_linear_k2,3,runs\kv_wrong_update_linear_k2_s3q16,kv_wrong_update_linear_k2_s3q16,0.0,,1.0,0.875,,1.0,1.0,1.0,1.0,0.0
,0.0,,1.0,1.0,1.0,1.0000 -> 1.0000 -> 1.0000 -> 1.0000,0.0,1.0,1.0,0.0,1.0,1.0,1767353280.2668116,kv_wrong_update_linear_k4,3,runs\kv_wrong_update_linear_k4_s3q16,kv_wrong_update_linear_k4_s3q16,0.0,,1.0,0.8125,,1.0,1.0,1.0,1.0,0.0
,0.0,,1.0,1.0,1.0,1.0000 -> 1.0000 -> 1.0000 -> 1.0000,0.0,1.0,1.0,0.0,1.0,1.0,1767353458.153651,kv_wrong_update_linear_k8_keys4,3,runs\kv_wrong_update_linear_k8_keys4_s3q16,kv_wrong_update_linear_k8_keys4_s3q16,0.0,,1.0,0.75,,1.0,1.0,1.0,1.0,0.0
,0.0,,1.0,1.0,1.0,1.0000 -> 1.0000 -> 1.0000 -> 1.0000,0.0,1.0,1.0,0.0,1.0,1.0,1767353282.301461,kv_wrong_update_linear_k8,3,runs\kv_wrong_update_linear_k8_s3q16,kv_wrong_update_linear_k8_s3q16,0.0,,1.0,0.875,,1.0,1.0,1.0,1.0,0.0
,,,0.75,,0.75,1.0000 -> 0.7500 -> 0.7500 -> 0.7500,0.25,1.0,0.75,,1.0,,1767049971.643887,linear_drop_p0.2,3,runs\linear_drop_p0.2_s3q16,linear_drop_p0.2_s3q16,,,0.75,,,,0.75,,,
,,,0.5625,,0.5625,1.0000 -> 0.5625 -> 0.5625 -> 0.5625,0.4375,1.0,0.5625,,1.0,,1767050888.3488758,linear_drop_p0.4,3,runs\linear_drop_p0.4_s3q16,linear_drop_p0.4_s3q16,,,0.5625,,,,0.5625,,,
,,,1.0,,1.0,1.0000 -> 1.0000 -> 1.0000 -> 1.0000,0.0,1.0,1.0,,1.0,,1767049056.336758,linear_drop_p0,3,runs\linear_drop_p0_s3q16,linear_drop_p0_s3q16,,,1.0,,,,1.0,,,
,,,0.9791666666666666,,0.9791666666666666,1.0000 -> 0.9792 -> 0.9792 -> 0.9792,0.0,1.0,0.9791666666666666,,1.0,,1767052213.0026886,linear_k1,3,runs\linear_k1_s3q16,linear_k1_s3q16,,,0.9791666666666666,,,,0.9791666666666666,,,
,,,1.0,,1.0,1.0000 -> 1.0000 -> 1.0000 -> 1.0000,0.0,1.0,1.0,,1.0,,1767053124.9263425,linear_k2,3,runs\linear_k2_s3q16,linear_k2_s3q16,,,1.0,,,,1.0,,,
,,,1.0,,1.0,1.0000 -> 1.0000 -> 1.0000 -> 1.0000,0.0,1.0,1.0,,1.0,,1767054032.5741322,linear_k4,3,runs\linear_k4_s3q16,linear_k4_s3q16,,,1.0,,,,1.0,,,
,,,1.0,,1.0,1.0000 -> 1.0000 -> 1.0000 -> 1.0000,0.0,1.0,1.0,,1.0,,1767054943.6929264,linear_k8,3,runs\linear_k8_s3q16,linear_k8_s3q16,,,1.0,,,,1.0,,,
,,,0.4166666666666667,,0.4166666666666667,1.0000 -> 0.4167 -> 0.4167 -> 0.4167,0.5625,1.0,0.4166666666666667,,1.0,,1767043039.8737905,linear_order_gold_first,3,runs\linear_order_gold_first_s3q16,linear_order_gold_first_s3q16,,,0.4166666666666667,,,,0.4166666666666667,,,
,,,0.6875,,0.6875,1.0000 -> 0.6875 -> 0.6875 -> 0.6875,0.3125,1.0,0.6875,,1.0,,1767045339.6639085,linear_order_gold_last,3,runs\linear_order_gold_last_s3q16,linear_order_gold_last_s3q16,,,0.6875,,,,0.6875,,,
,,,0.6875,,0.6875,1.0000 -> 0.6875 -> 0.6875 -> 0.6875,0.3125,1.0,0.6875,,1.0,,1767044284.5678396,linear_order_gold_middle,3,runs\linear_order_gold_middle_s3q16,linear_order_gold_middle_s3q16,,,0.6875,,,,0.6875,,,
,,,0.6875,,0.6875,1.0000 -> 0.6875 -> 0.6875 -> 0.6875,0.3125,1.0,0.6875,,1.0,,1767046248.417775,linear_order_shuffle,3,runs\linear_order_shuffle_s3q16,linear_order_shuffle_s3q16,,,0.6875,,,,0.6875,,,
,,,0.1875,,0.1875,1.0000 -> 0.1875 -> 0.1875 -> 0.1875,0.0625,0.75,0.1875,,1.0,,1766957280.5929093,meta_drop_k4_shuffle_p0.2,3,runs\meta_drop_k4_shuffle_p0.2_s3q16,meta_drop_k4_shuffle_p0.2_s3q16,,,0.1875,,,,0.1875,,,
,,,0.0625,,0.08333333333333333,1.0000 -> 0.0833 -> 0.0625 -> 0.0625,0.6875,0.7708333333333334,0.0625,,1.0,,1766958548.242322,meta_drop_k4_shuffle_p0.4,3,runs\meta_drop_k4_shuffle_p0.4_s3q16,meta_drop_k4_shuffle_p0.4_s3q16,,,0.08333333333333333,,,,0.0625,,,
,,,0.22916666666666666,,0.2708333333333333,1.0000 -> 0.2708 -> 0.2292 -> 0.2292,0.0,0.75,0.22916666666666666,,1.0,,1766956036.9539344,meta_drop_k4_shuffle_p0,3,runs\meta_drop_k4_shuffle_p0_s3q16,meta_drop_k4_shuffle_p0_s3q16,,,0.2708333333333333,,,,0.22916666666666666,,,
,,,0.2708333333333333,,0.3125,1.0000 -> 0.3125 -> 0.2708 -> 0.2708,0.0,0.7916666666666666,0.2708333333333333,,1.0,,1766952359.8977492,meta_hard_selection_k4_same_shuffle,3,runs\meta_hard_selection_k4_same_shuffle_s3q16,meta_hard_selection_k4_same_shuffle_s3q16,,,0.3125,,,,0.2708333333333333,,,
,,,0.041666666666666664,,0.041666666666666664,1.0000 -> 0.0417 -> 0.0417 -> 0.0417,0.0,0.75,0.041666666666666664,,1.0,,1766953623.5391862,meta_order_gold_first_k4_same,3,runs\meta_order_gold_first_k4_same_s3q16,meta_order_gold_first_k4_same_s3q16,,,0.041666666666666664,,,,0.041666666666666664,,,
,,,0.2916666666666667,,0.5208333333333334,1.0000 -> 0.5208 -> 0.2917 -> 0.2917,0.0,0.7708333333333334,0.2916666666666667,,1.0,,1766954790.0520978,meta_order_gold_last_k4_same,3,runs\meta_order_gold_last_k4_same_s3q16,meta_order_gold_last_k4_same_s3q16,,,0.5208333333333334,,,,0.2916666666666667,,,
,0.0,,1.0,1.0,1.0,1.0000 -> 1.0000 -> 1.0000 -> 1.0000,0.0,1.0,1.0,0.0,1.0,1.0,1767352750.8098502,note_camouflage_note_camouflage_authfilter_k4,3,runs\note_camouflage_note_camouflage_authfilter_k4_s3q16,note_camouflage_note_camouflage_authfilter_k4_s3q16,0.0,,1.0,0.75,,1.0,1.0,1.0,1.0,0.0
,0.0,,0.875,0.875,0.875,1.0000 -> 1.0000 -> 0.8750 -> 0.8750,0.0,0.875,0.875,0.0,1.0,0.875,1767351988.6870978,note_camouflage_note_camouflage_k4,3,runs\note_camouflage_note_camouflage_k4_s3q16,note_camouflage_note_camouflage_k4_s3q16,0.125,0.0,1.0,0.875,,1.0,0.875,0.875,1.0,0.0
,0.0,,0.4166666666666667,0.8,0.4166666666666667,1.0000 -> 0.5208 -> 0.4167 -> 0.4167,0.0,0.5416666666666666,0.4166666666666667,0.0,1.0,0.4166666666666667,1767352766.152735,note_camouflage_note_camouflage_linear_camo_k4,3,runs\note_camouflage_note_camouflage_linear_camo_k4_s3q16,note_camouflage_note_camouflage_linear_camo_k4_s3q16,0.4583333333333333,0.21428571428571427,0.5208333333333334,0.6458333333333334,,1.0,0.4166666666666667,0.8,1.0,0.125
,0.0,,1.0,1.0,1.0,1.0000 -> 1.0000 -> 1.0000 -> 1.0000,0.0,1.0,1.0,0.0,1.0,1.0,1767352752.9335544,note_camouflage_note_camouflage_suite_authfilter_k4,3,runs\note_camouflage_note_camouflage_suite_authfilter_k4_s3q16,note_camouflage_note_camouflage_suite_authfilter_k4_s3q16,0.0,,1.0,0.875,,1.0,1.0,1.0,1.0,0.0
,0.0,,0.7291666666666666,0.7291666666666666,0.7291666666666666,1.0000 -> 1.0000 -> 0.7292 -> 0.7292,0.0,0.7291666666666666,0.7291666666666666,0.0,1.0,0.7291666666666666,1767351990.7548637,note_camouflage_note_camouflage_suite_k4,3,runs\note_camouflage_note_camouflage_suite_k4_s3q16,note_camouflage_note_camouflage_suite_k4_s3q16,0.2708333333333333,0.0,1.0,0.8125,,1.0,0.7291666666666666,0.7291666666666666,1.0,0.0
,0.0,,0.16666666666666666,0.38095238095238093,0.16666666666666666,1.0000 -> 0.4375 -> 0.1667 -> 0.1667,0.0,0.3958333333333333,0.16666666666666666,0.0,1.0,0.16666666666666666,1767352768.2494855,note_camouflage_note_camouflage_suite_linear_camo_k4,3,runs\note_camouflage_note_camouflage_suite_linear_camo_k4_s3q16,note_camouflage_note_camouflage_suite_linear_camo_k4_s3q16,0.6041666666666666,0.275,0.4375,0.7083333333333334,,1.0,0.16666666666666666,0.38095238095238093,1.0,0.22916666666666666
,,,0.9375,1.0,0.9375,1.0000 -> 0.7708 -> 0.9375 -> 0.9375,0.0,1.0,0.9375,,1.0,0.9375,1767343091.6633115,note_rate_0.1_linear_k4,3,runs\note_rate_0.1_linear_k4_s3q16,note_rate_0.1_linear_k4_s3q16,0.0,1.0,0.7708333333333334,,,1.0,0.9375,1.0,1.0,0.0625
,,,0.85,1.0,0.85,1.0000 -> 0.8500 -> 0.8500 -> 0.8500,0.0,1.0,0.85,,1.0,0.85,1767343372.9621656,note_rate_0.2_authfilter_linear_k4,5,runs\note_rate_0.2_authfilter_linear_k4_s5q24,note_rate_0.2_authfilter_linear_k4_s5q24,0.0,1.0,0.85,,,1.0,0.85,1.0,1.0,0.15
,,,0.85,1.0,0.85,1.0000 -> 0.6333 -> 0.8500 -> 0.8500,0.0,1.0,0.85,,1.0,0.85,1767343355.8598592,note_rate_0.2_linear_k4,5,runs\note_rate_0.2_linear_k4_s5q24,note_rate_0.2_linear_k4_s5q24,0.0,1.0,0.6333333333333333,,,1.0,0.85,1.0,1.0,0.15
,,,0.9375,1.0,0.9375,1.0000 -> 0.6250 -> 0.9375 -> 0.9375,0.0,1.0,0.9375,,1.0,0.9375,1767343095.843022,note_rate_0.3_linear_k4,3,runs\note_rate_0.3_linear_k4_s3q16,note_rate_0.3_linear_k4_s3q16,0.0,1.0,0.625,,,1.0,0.9375,1.0,1.0,0.0625
,,,0.8916666666666667,1.0,0.8916666666666666,1.0000 -> 0.8917 -> 0.8917 -> 0.8917,0.0,1.0,0.8916666666666666,,1.0,0.8916666666666667,1767343375.620897,note_rate_0.4_authfilter_linear_k4,5,runs\note_rate_0.4_authfilter_linear_k4_s5q24,note_rate_0.4_authfilter_linear_k4_s5q24,0.0,1.0,0.8916666666666667,,,1.0,0.8916666666666666,1.0,1.0,0.10833333333333334
,,,0.8583333333333333,0.9215686274509803,0.8583333333333332,1.0000 -> 0.4250 -> 0.8583 -> 0.8583,0.0,0.9666666666666666,0.8583333333333332,,1.0,0.8583333333333333,1767343358.318694,note_rate_0.4_linear_k4,5,runs\note_rate_0.4_linear_k4_s5q24,note_rate_0.4_linear_k4_s5q24,0.03333333333333333,0.7647058823529411,0.425,,,1.0,0.8583333333333332,0.9215686274509803,1.0,0.10833333333333334
,,,0.9166666666666666,1.0,0.9166666666666666,1.0000 -> 0.9167 -> 0.9167 -> 0.9167,0.0,1.0,0.9166666666666666,,1.0,0.9166666666666666,1767343089.5722294,note_rate_0_linear_k4,3,runs\note_rate_0_linear_k4_s3q16,note_rate_0_linear_k4_s3q16,0.0,1.0,0.9166666666666666,,,1.0,0.9166666666666666,1.0,1.0,0.08333333333333333
,,,0.975,,1.0,1.0000 -> 1.0000 -> 0.9750 -> 0.9750,0.0,0.975,0.975,,1.0,,1766883138.8013153,order_bias_gold_first_k4_same,5,runs\order_bias_gold_first_k4_same_s5q24,order_bias_gold_first_k4_same_s5q24,,,1.0,,,,0.975,,,
,,,0.975,,1.0,1.0000 -> 1.0000 -> 0.9750 -> 0.9750,0.0,0.975,0.975,,1.0,,1766941820.0871284,order_bias_gold_first_k4_same_s5q24_latest_step,5,runs\order_bias_gold_first_k4_same_s5q24_latest_step,order_bias_gold_first_k4_same_s5q24_latest_step,,,1.0,,,,0.975,,,
,,,0.0,,0.0,1.0000 -> 0.0000 -> 0.0000 -> 0.0000,0.0,0.9916666666666666,0.0,,1.0,,1766902346.6894684,order_bias_gold_first_k4_same_s5q24_llm,5,runs\order_bias_gold_first_k4_same_s5q24_llm,order_bias_gold_first_k4_same_s5q24_llm,,,0.0,,,,0.0,,,
,,,0.975,,1.0,1.0000 -> 1.0000 -> 0.9750 -> 0.9750,0.0,0.975,0.975,,1.0,,1766890921.9321072,order_bias_gold_last_k4_same,5,runs\order_bias_gold_last_k4_same_s5q24,order_bias_gold_last_k4_same_s5q24,,,1.0,,,,0.975,,,
,,,0.975,,1.0,1.0000 -> 1.0000 -> 0.9750 -> 0.9750,0.0,0.975,0.975,,1.0,,1766945892.9456952,order_bias_gold_last_k4_same_s5q24_latest_step,5,runs\order_bias_gold_last_k4_same_s5q24_latest_step,order_bias_gold_last_k4_same_s5q24_latest_step,,,1.0,,,,0.975,,,
,,,1.0,,1.0,1.0000 -> 1.0000 -> 1.0000 -> 1.0000,0.0,1.0,1.0,,1.0,,1766908798.261772,order_bias_gold_last_k4_same_s5q24_llm,5,runs\order_bias_gold_last_k4_same_s5q24_llm,order_bias_gold_last_k4_same_s5q24_llm,,,1.0,,,,1.0,,,
,,,0.975,,1.0,1.0000 -> 1.0000 -> 0.9750 -> 0.9750,0.0,0.975,0.975,,1.0,,1766887245.3859968,order_bias_gold_middle_k4_same,5,runs\order_bias_gold_middle_k4_same_s5q24,order_bias_gold_middle_k4_same_s5q24,,,1.0,,,,0.975,,,
,,,0.975,,1.0,1.0000 -> 1.0000 -> 0.9750 -> 0.9750,0.0,0.975,0.975,,1.0,,1766943854.4943566,order_bias_gold_middle_k4_same_s5q24_latest_step,5,runs\order_bias_gold_middle_k4_same_s5q24_latest_step,order_bias_gold_middle_k4_same_s5q24_latest_step,,,1.0,,,,0.975,,,
,,,0.008333333333333333,,0.008333333333333333,1.0000 -> 0.0083 -> 0.0083 -> 0.0083,0.0,0.9666666666666666,0.008333333333333333,,1.0,,1766905544.5136456,order_bias_gold_middle_k4_same_s5q24_llm,5,runs\order_bias_gold_middle_k4_same_s5q24_llm,order_bias_gold_middle_k4_same_s5q24_llm,,,0.008333333333333333,,,,0.008333333333333333,,,
,,,0.525,,0.625,1.0000 -> 0.6250 -> 0.5250 -> 0.5250,0.375,0.8166666666666667,0.525,,1.0,,1766975785.087932,order_bias_linear_gold_first_k4_same,5,runs\order_bias_linear_gold_first_k4_same_s5q24,order_bias_linear_gold_first_k4_same_s5q24,,,0.625,,,,0.525,,,
,,,0.4166666666666667,,0.5416666666666666,1.0000 -> 0.5417 -> 0.4167 -> 0.4167,0.4583333333333333,0.8083333333333333,0.4166666666666667,,1.0,,1766981370.6811423,order_bias_linear_gold_last_k4_same,5,runs\order_bias_linear_gold_last_k4_same_s5q24,order_bias_linear_gold_last_k4_same_s5q24,,,0.5416666666666666,,,,0.4166666666666667,,,
,,,0.4666666666666667,,0.5833333333333334,1.0000 -> 0.5833 -> 0.4667 -> 0.4667,0.4166666666666667,0.8083333333333333,0.4666666666666666,,1.0,,1766978497.651943,order_bias_linear_gold_middle_k4_same,5,runs\order_bias_linear_gold_middle_k4_same_s5q24,order_bias_linear_gold_middle_k4_same_s5q24,,,0.5833333333333334,,,,0.4666666666666666,,,
,,,0.44166666666666665,,0.5833333333333334,1.0000 -> 0.5833 -> 0.4417 -> 0.4417,0.4166666666666667,0.7916666666666666,0.4416666666666666,,1.0,,1766984271.658642,order_bias_linear_shuffle_k4_same,5,runs\order_bias_linear_shuffle_k4_same_s5q24,order_bias_linear_shuffle_k4_same_s5q24,,,0.5833333333333334,,,,0.4416666666666666,,,
,,,0.975,,1.0,1.0000 -> 1.0000 -> 0.9750 -> 0.9750,0.0,0.975,0.975,,1.0,,1766893144.3099978,order_bias_shuffle_k4_same,5,runs\order_bias_shuffle_k4_same_s5q24,order_bias_shuffle_k4_same_s5q24,,,1.0,,,,0.975,,,
,,,0.975,,1.0,1.0000 -> 1.0000 -> 0.9750 -> 0.9750,0.0,0.975,0.975,,1.0,,1766947929.5544546,order_bias_shuffle_k4_same_s5q24_latest_step,5,runs\order_bias_shuffle_k4_same_s5q24_latest_step,order_bias_shuffle_k4_same_s5q24_latest_step,,,1.0,,,,0.975,,,
,,,0.44166666666666665,,0.4416666666666666,1.0000 -> 0.4417 -> 0.4417 -> 0.4417,0.0,1.0,0.4416666666666666,,1.0,,1766912080.241653,order_bias_shuffle_k4_same_s5q24_llm,5,runs\order_bias_shuffle_k4_same_s5q24_llm,order_bias_shuffle_k4_same_s5q24_llm,,,0.44166666666666665,,,,0.4416666666666666,,,
,,,0.975,,1.0,1.0000 -> 1.0000 -> 0.9750 -> 0.9750,0.0,0.975,0.975,,1.0,,1766874025.578129,pick_then_answer_k4_same_shuffle,5,runs\pick_then_answer_k4_same_shuffle_s5q24,pick_then_answer_k4_same_shuffle_s5q24,,,1.0,,,,0.975,,,
,,,0.975,,1.0,1.0000 -> 1.0000 -> 0.9750 -> 0.9750,0.0,0.975,0.975,,1.0,,1766876546.6841097,pick_then_answer_off_k4_same_shuffle,5,runs\pick_then_answer_off_k4_same_shuffle_s5q24,pick_then_answer_off_k4_same_shuffle_s5q24,,,1.0,,,,0.975,,,
,,,0.4583333333333333,,0.4583333333333333,1.0000 -> 0.4583 -> 0.4583 -> 0.4583,0.125,1.0,0.4583333333333333,,1.0,,1767039824.7093985,preset_drop_p0.2,3,runs\preset_drop_p0.2_s3q16,preset_drop_p0.2_s3q16,,,0.4583333333333333,,,,0.4583333333333333,,,
,,,0.10416666666666667,,0.10416666666666667,1.0000 -> 0.1042 -> 0.1042 -> 0.1042,0.6875,1.0,0.10416666666666667,,1.0,,1767041557.4033465,preset_drop_p0.4,3,runs\preset_drop_p0.4_s3q16,preset_drop_p0.4_s3q16,,,0.10416666666666667,,,,0.10416666666666667,,,
,,,0.2708333333333333,,0.2708333333333333,1.0000 -> 0.2708 -> 0.2708 -> 0.2708,0.0,1.0,0.2708333333333333,,1.0,,1767037997.7548406,preset_drop_p0,3,runs\preset_drop_p0_s3q16,preset_drop_p0_s3q16,,,0.2708333333333333,,,,0.2708333333333333,,,
,,,0.3333333333333333,,0.3333333333333333,1.0000 -> 0.3333 -> 0.3333 -> 0.3333,0.0,1.0,0.3333333333333333,,1.0,,1766986341.8300037,preset_hard_selection,3,runs\preset_hard_selection_s3q16,preset_hard_selection_s3q16,,,0.3333333333333333,,,,0.3333333333333333,,,
,,,0.0,,0.0,1.0000 -> 0.0000 -> 0.0000 -> 0.0000,0.0,1.0,0.0,,1.0,,1766989156.764767,preset_order_bias_gold_first,3,runs\preset_order_bias_gold_first_s3q16,preset_order_bias_gold_first_s3q16,,,0.0,,,,0.0,,,
,,,1.0,,1.0,1.0000 -> 1.0000 -> 1.0000 -> 1.0000,0.0,1.0,1.0,,1.0,,1766992662.7762823,preset_order_bias_gold_last,3,runs\preset_order_bias_gold_last_s3q16,preset_order_bias_gold_last_s3q16,,,1.0,,,,1.0,,,
,,,0.041666666666666664,,0.041666666666666664,1.0000 -> 0.0417 -> 0.0417 -> 0.0417,0.0,1.0,0.041666666666666664,,1.0,,1766990927.7516804,preset_order_bias_gold_middle,3,runs\preset_order_bias_gold_middle_s3q16,preset_order_bias_gold_middle_s3q16,,,0.041666666666666664,,,,0.041666666666666664,,,
,,,0.3541666666666667,,0.3541666666666667,1.0000 -> 0.3542 -> 0.3542 -> 0.3542,0.0,1.0,0.3541666666666667,,1.0,,1766994093.2717073,preset_order_bias_shuffle,3,runs\preset_order_bias_shuffle_s3q16,preset_order_bias_shuffle_s3q16,,,0.3541666666666667,,,,0.3541666666666667,,,
,,,0.4375,,0.5,1.0000 -> 0.5000 -> 0.4375 -> 0.4375,0.5,0.8125,0.4375,,1.0,,1766972953.9384089,selector_after,3,runs\selector_after_s3q16,selector_after_s3q16,,,0.5,,,,0.4375,,,
,,,0.22916666666666666,,0.3125,1.0000 -> 0.3125 -> 0.2292 -> 0.2292,0.3125,0.7916666666666666,0.20833333333333334,,1.0,,1766971811.3433754,selector_before,3,runs\selector_before_s3q16,selector_before_s3q16,,,0.3125,,,,0.22916666666666666,,,
,,,0.0,,0.3333333333333333,1.0000 -> 0.3333 -> 0.0000 -> 0.0000,0.0,0.0,0.0,,1.0,,1766858261.144385,selector_only_quick_last_occurrence_k2,2,runs\selector_only_quick_last_occurrence_k2,selector_only_quick_last_occurrence_k2,,,0.3333333333333333,,,,0.0,,,
,,,0.0,,0.16666666666666666,1.0000 -> 0.1667 -> 0.0000 -> 0.0000,0.0,0.0,0.0,,1.0,,1766858261.9191582,selector_only_quick_last_occurrence_k4,2,runs\selector_only_quick_last_occurrence_k4,selector_only_quick_last_occurrence_k4,,,0.16666666666666666,,,,0.0,,,
,,,0.0,,0.125,1.0000 -> 0.1250 -> 0.0000 -> 0.0000,0.0,0.0,0.0,,1.0,,1766858262.763264,selector_only_quick_last_occurrence_k8,2,runs\selector_only_quick_last_occurrence_k8,selector_only_quick_last_occurrence_k8,,,0.125,,,,0.0,,,
,,,0.0,,1.0,1.0000 -> 1.0000 -> 0.0000 -> 0.0000,0.0,0.0,0.0,,1.0,,1766857846.5541291,selector_only_quick_latest_step_k2,2,runs\selector_only_quick_latest_step_k2,selector_only_quick_latest_step_k2,,,1.0,,,,0.0,,,
,,,0.0,,1.0,1.0000 -> 1.0000 -> 0.0000 -> 0.0000,0.0,0.0,0.0,,1.0,,1766857847.4420924,selector_only_quick_latest_step_k4,2,runs\selector_only_quick_latest_step_k4,selector_only_quick_latest_step_k4,,,1.0,,,,0.0,,,
,,,0.0,,1.0,1.0000 -> 1.0000 -> 0.0000 -> 0.0000,0.0,0.0,0.0,,1.0,,1766857848.3078084,selector_only_quick_latest_step_k8,2,runs\selector_only_quick_latest_step_k8,selector_only_quick_latest_step_k8,,,1.0,,,,0.0,,,
,,,0.0,,0.3333333333333333,1.0000 -> 0.3333 -> 0.0000 -> 0.0000,0.0,0.0,0.0,,1.0,,1766858230.9543765,selector_only_quick_none_k2,2,runs\selector_only_quick_none_k2,selector_only_quick_none_k2,,,0.3333333333333333,,,,0.0,,,
,,,0.0,,0.125,1.0000 -> 0.1250 -> 0.0000 -> 0.0000,0.0,0.0,0.0,,1.0,,1766858231.9342365,selector_only_quick_none_k4,2,runs\selector_only_quick_none_k4,selector_only_quick_none_k4,,,0.125,,,,0.0,,,
,,,0.0,,0.08333333333333333,1.0000 -> 0.0833 -> 0.0000 -> 0.0000,0.0,0.0,0.0,,1.0,,1766858232.6892197,selector_only_quick_none_k8,2,runs\selector_only_quick_none_k8,selector_only_quick_none_k8,,,0.08333333333333333,,,,0.0,,,
,,,1.0,,1.0,1.0000 -> 1.0000 -> 1.0000 -> 1.0000,0.0,1.0,1.0,,1.0,,1766729877.177522,selector_quick_latest_step_k2,2,runs\selector_quick_latest_step_k2,selector_quick_latest_step_k2,,,1.0,,,,1.0,,,
,,,1.0,,1.0,1.0000 -> 1.0000 -> 1.0000 -> 1.0000,0.0,1.0,1.0,,1.0,,1766730302.1879702,selector_quick_latest_step_k4,2,runs\selector_quick_latest_step_k4,selector_quick_latest_step_k4,,,1.0,,,,1.0,,,
,,,1.0,,1.0,1.0000 -> 1.0000 -> 1.0000 -> 1.0000,0.0,1.0,1.0,,1.0,,1766730723.0740583,selector_quick_latest_step_k8,2,runs\selector_quick_latest_step_k8,selector_quick_latest_step_k8,,,1.0,,,,1.0,,,
,,,0.16666666666666666,,0.16666666666666666,1.0000 -> 0.1667 -> 0.1667 -> 0.1667,0.0,1.0,0.16666666666666666,,1.0,,1766727740.13074,selector_quick_none_k2,2,runs\selector_quick_none_k2,selector_quick_none_k2,,,0.16666666666666666,,,,0.16666666666666666,,,
,,,0.2916666666666667,,0.29166666666666663,1.0000 -> 0.2917 -> 0.2917 -> 0.2917,0.0,1.0,0.29166666666666663,,1.0,,1766728493.4463117,selector_quick_none_k4,2,runs\selector_quick_none_k4,selector_quick_none_k4,,,0.2916666666666667,,,,0.29166666666666663,,,
,,,0.25,,0.25,1.0000 -> 0.2500 -> 0.2500 -> 0.2500,0.0,1.0,0.25,,1.0,,1766729426.8924067,selector_quick_none_k8,2,runs\selector_quick_none_k8,selector_quick_none_k8,,,0.25,,,,0.25,,,
,,,0.2916666666666667,,0.2916666666666667,1.0000 -> 0.2917 -> 0.2917 -> 0.2917,0.0,1.0,0.2916666666666667,,1.0,,1766813597.0253534,selector_standard_last_occurrence_k2,5,runs\selector_standard_last_occurrence_k2,selector_standard_last_occurrence_k2,,,0.2916666666666667,,,,0.2916666666666667,,,
,,,0.10833333333333334,,0.125,1.0000 -> 0.1250 -> 0.1083 -> 0.1083,0.0,0.9833333333333334,0.10833333333333332,,1.0,,1766815643.5563996,selector_standard_last_occurrence_k4,5,runs\selector_standard_last_occurrence_k4,selector_standard_last_occurrence_k4,,,0.125,,,,0.10833333333333332,,,
,,,0.10833333333333334,,0.10833333333333332,1.0000 -> 0.1083 -> 0.1083 -> 0.1083,0.0,0.9916666666666666,0.10833333333333332,,1.0,,1766817690.0830536,selector_standard_last_occurrence_k8,5,runs\selector_standard_last_occurrence_k8,selector_standard_last_occurrence_k8,,,0.10833333333333334,,,,0.10833333333333332,,,
,,,0.9666666666666667,,1.0,1.0000 -> 1.0000 -> 0.9667 -> 0.9667,0.0,0.9666666666666666,0.9666666666666666,,1.0,,1766806915.5641115,selector_standard_latest_step_k2,5,runs\selector_standard_latest_step_k2,selector_standard_latest_step_k2,,,1.0,,,,0.9666666666666666,,,
,,,0.9666666666666667,,1.0,1.0000 -> 1.0000 -> 0.9667 -> 0.9667,0.0,0.9666666666666666,0.9666666666666666,,1.0,,1766809329.111106,selector_standard_latest_step_k4,5,runs\selector_standard_latest_step_k4,selector_standard_latest_step_k4,,,1.0,,,,0.9666666666666666,,,
,,,0.9666666666666667,,1.0,1.0000 -> 1.0000 -> 0.9667 -> 0.9667,0.0,0.9666666666666666,0.9666666666666666,,1.0,,1766811559.5814576,selector_standard_latest_step_k8,5,runs\selector_standard_latest_step_k8,selector_standard_latest_step_k8,,,1.0,,,,0.9666666666666666,,,
,,,0.55,,0.55,1.0000 -> 0.5500 -> 0.5500 -> 0.5500,0.0,1.0,0.55,,1.0,,1766795905.353721,selector_standard_none_k2,5,runs\selector_standard_none_k2,selector_standard_none_k2,,,0.55,,,,0.55,,,
,,,0.3333333333333333,,0.33333333333333337,1.0000 -> 0.3333 -> 0.3333 -> 0.3333,0.0,0.9833333333333334,0.33333333333333337,,1.0,,1766799212.5513325,selector_standard_none_k4,5,runs\selector_standard_none_k4,selector_standard_none_k4,,,0.3333333333333333,,,,0.33333333333333337,,,
,,,0.25833333333333336,,0.25833333333333336,1.0000 -> 0.2583 -> 0.2583 -> 0.2583,0.0,1.0,0.25833333333333336,,1.0,,1766804437.1861687,selector_standard_none_k8,5,runs\selector_standard_none_k8,selector_standard_none_k8,,,0.25833333333333336,,,,0.25833333333333336,,,
,,,0.9666666666666667,,1.0,1.0000 -> 1.0000 -> 0.9667 -> 0.9667,0.0,0.9666666666666666,0.9666666666666666,,1.0,,1766819731.4036431,selector_standard_prefer_set_latest_k2,5,runs\selector_standard_prefer_set_latest_k2,selector_standard_prefer_set_latest_k2,,,1.0,,,,0.9666666666666666,,,
,,,0.9666666666666667,,1.0,1.0000 -> 1.0000 -> 0.9667 -> 0.9667,0.0,0.9666666666666666,0.9666666666666666,,1.0,,1766821776.385124,selector_standard_prefer_set_latest_k4,5,runs\selector_standard_prefer_set_latest_k4,selector_standard_prefer_set_latest_k4,,,1.0,,,,0.9666666666666666,,,
,,,0.9666666666666667,,1.0,1.0000 -> 1.0000 -> 0.9667 -> 0.9667,0.0,0.9666666666666666,0.9666666666666666,,1.0,,1766823822.667939,selector_standard_prefer_set_latest_k8,5,runs\selector_standard_prefer_set_latest_k8,selector_standard_prefer_set_latest_k8,,,1.0,,,,0.9666666666666666,,,
,,,0.8518518518518519,,0.71875,0.8438 -> 0.8519 -> 0.8519 -> 0.7188,0.0,1.0,0.71875,,0.84375,,1767233156.9890313,selector_training_quick,2,runs\selector_training_quick,selector_training_quick,,,0.8518518518518519,,,,0.71875,,,
,,,1.0,,0.041666666666666664,0.0417 -> 1.0000 -> 1.0000 -> 0.0417,0.0,1.0,0.041666666666666664,,0.041666666666666664,,1767230088.326758,tfidf_kv,3,runs\tfidf_kv_s3q16,tfidf_kv_s3q16,,,1.0,,,,0.041666666666666664,,,
,0.0,,0.8333333333333334,1.0,0.8333333333333334,1.0000 -> 0.8333 -> 0.8333 -> 0.8333,0.0,1.0,0.8333333333333334,0.0,1.0,0.8333333333333334,1767398425.7128935,update_burst_default_tielatest_k8_rate0.40,5,runs\update_burst_default_tielatest_k8_rate0.40_s5q24,update_burst_default_tielatest_k8_rate0.40_s5q24,0.0,1.0,0.8333333333333334,0.825,,1.0,0.8333333333333334,1.0,1.0,0.16666666666666666
,0.0,,0.8,1.0,0.8,1.0000 -> 0.8000 -> 0.8000 -> 0.8000,0.0,1.0,0.8,0.0,1.0,0.8,1767393435.5720658,update_burst_linear_baseline_k8_rate0.40,5,runs\update_burst_linear_baseline_k8_rate0.40_s5q24,update_burst_linear_baseline_k8_rate0.40_s5q24,0.0,1.0,0.8,0.7583333333333333,,1.0,0.8,1.0,1.0,0.2
,0.0,,0.875,1.0,0.875,1.0000 -> 0.8750 -> 0.8750 -> 0.8750,0.0,1.0,0.875,0.0,1.0,0.875,1767391950.4143238,update_burst_linear_baseline_tieoff_k8_rate0.40,3,runs\update_burst_linear_baseline_tieoff_k8_rate0.40_s3q16,update_burst_linear_baseline_tieoff_k8_rate0.40_s3q16,0.0,1.0,0.875,0.8958333333333334,,1.0,0.875,1.0,1.0,0.125
,0.0,,0.875,1.0,0.875,1.0000 -> 0.8750 -> 0.8750 -> 0.8750,0.0,1.0,0.875,0.0,1.0,0.875,1767383968.4409688,update_burst_linear_k2,5,runs\update_burst_linear_k2_s5q24,update_burst_linear_k2_s5q24,0.0,1.0,0.875,0.825,,1.0,0.875,1.0,1.0,0.125
,0.0,,0.9583333333333334,1.0,0.9583333333333334,1.0000 -> 0.9583 -> 0.9583 -> 0.9583,0.0,1.0,0.9583333333333334,0.0,1.0,0.9583333333333334,1767383971.0346313,update_burst_linear_k4,5,runs\update_burst_linear_k4_s5q24,update_burst_linear_k4_s5q24,0.0,1.0,0.9583333333333334,0.9833333333333333,,1.0,0.9583333333333334,1.0,1.0,0.041666666666666664
,0.0,,0.9791666666666666,1.0,0.9791666666666666,1.0000 -> 0.9792 -> 0.9792 -> 0.9792,0.0,1.0,0.9791666666666666,0.0,1.0,0.9791666666666666,1767384356.7285995,update_burst_linear_k4_steps120,3,runs\update_burst_linear_k4_steps120_s3q16,update_burst_linear_k4_steps120_s3q16,0.0,1.0,0.9791666666666666,0.75,,1.0,0.9791666666666666,1.0,1.0,0.020833333333333332
,0.0,,0.8958333333333334,1.0,0.8958333333333334,1.0000 -> 0.8958 -> 0.8958 -> 0.8958,0.0,1.0,0.8958333333333334,0.0,1.0,0.8958333333333334,1767384358.9891987,update_burst_linear_k4_steps240,3,runs\update_burst_linear_k4_steps240_s3q16,update_burst_linear_k4_steps240_s3q16,0.0,1.0,0.8958333333333334,0.6666666666666666,,1.0,0.8958333333333334,1.0,1.0,0.10416666666666667
,0.0,,0.9416666666666667,1.0,0.9416666666666667,1.0000 -> 0.9417 -> 0.9417 -> 0.9417,0.0,1.0,0.9416666666666667,0.0,1.0,0.9416666666666667,1767383973.5146267,update_burst_linear_k8,5,runs\update_burst_linear_k8_s5q24,update_burst_linear_k8_s5q24,0.0,1.0,0.9416666666666667,0.65,,1.0,0.9416666666666667,1.0,1.0,0.058333333333333334
,0.0,,0.7333333333333333,1.0,0.7333333333333333,1.0000 -> 0.7333 -> 0.7333 -> 0.7333,0.0,1.0,0.7333333333333333,0.0,1.0,0.7333333333333333,1767393438.2574441,update_burst_linear_recency_k8_rate0.40,5,runs\update_burst_linear_recency_k8_rate0.40_s5q24,update_burst_linear_recency_k8_rate0.40_s5q24,0.0,1.0,0.7333333333333333,1.0,,1.0,0.7333333333333333,1.0,1.0,0.26666666666666666
,0.0,,0.8333333333333334,1.0,0.8333333333333334,1.0000 -> 0.8333 -> 0.8333 -> 0.8333,0.0,1.0,0.8333333333333334,0.0,1.0,0.8333333333333334,1767393423.0306022,update_burst_linear_tielatest_step_k2_rate0.40,5,runs\update_burst_linear_tielatest_step_k2_rate0.40_s5q24,update_burst_linear_tielatest_step_k2_rate0.40_s5q24,0.0,1.0,0.8333333333333334,0.7333333333333333,,1.0,0.8333333333333334,1.0,1.0,0.16666666666666666
,0.0,,0.8416666666666667,1.0,0.8416666666666666,1.0000 -> 0.8417 -> 0.8417 -> 0.8417,0.0,1.0,0.8416666666666666,0.0,1.0,0.8416666666666667,1767393426.0063193,update_burst_linear_tielatest_step_k4_rate0.40,5,runs\update_burst_linear_tielatest_step_k4_rate0.40_s5q24,update_burst_linear_tielatest_step_k4_rate0.40_s5q24,0.0,1.0,0.8416666666666667,0.8583333333333333,,1.0,0.8416666666666666,1.0,1.0,0.15833333333333333
,0.0,,0.9,1.0,0.9,1.0000 -> 0.9000 -> 0.9000 -> 0.9000,0.0,1.0,0.9,0.0,1.0,0.9,1767393428.6283665,update_burst_linear_tielatest_step_k8_rate0.40,5,runs\update_burst_linear_tielatest_step_k8_rate0.40_s5q24,update_burst_linear_tielatest_step_k8_rate0.40_s5q24,0.0,1.0,0.9,0.6416666666666667,,1.0,0.9,1.0,1.0,0.1
,0.0,,0.8166666666666667,1.0,0.8166666666666667,1.0000 -> 0.8167 -> 0.8167 -> 0.8167,0.0,1.0,0.8166666666666667,0.0,1.0,0.8166666666666667,1767393414.7656782,update_burst_linear_tienone_k2_rate0.40,5,runs\update_burst_linear_tienone_k2_rate0.40_s5q24,update_burst_linear_tienone_k2_rate0.40_s5q24,0.0,1.0,0.8166666666666667,0.8916666666666667,,1.0,0.8166666666666667,1.0,1.0,0.18333333333333332
,0.0,,0.8416666666666667,1.0,0.8416666666666666,1.0000 -> 0.8417 -> 0.8417 -> 0.8417,0.0,1.0,0.8416666666666666,0.0,1.0,0.8416666666666667,1767393417.6063833,update_burst_linear_tienone_k4_rate0.40,5,runs\update_burst_linear_tienone_k4_rate0.40_s5q24,update_burst_linear_tienone_k4_rate0.40_s5q24,0.0,1.0,0.8416666666666667,0.8333333333333334,,1.0,0.8416666666666666,1.0,1.0,0.15833333333333333
,0.0,,0.8,1.0,0.8,1.0000 -> 0.8000 -> 0.8000 -> 0.8000,0.0,1.0,0.8,0.0,1.0,0.8,1767393420.3825011,update_burst_linear_tienone_k8_rate0.40,5,runs\update_burst_linear_tienone_k8_rate0.40_s5q24,update_burst_linear_tienone_k8_rate0.40_s5q24,0.0,1.0,0.8,0.7416666666666667,,1.0,0.8,1.0,1.0,0.2
,0.0,,0.8958333333333334,1.0,0.8958333333333334,1.0000 -> 0.8958 -> 0.8958 -> 0.8958,0.0,1.0,0.8958333333333334,0.0,1.0,0.8958333333333334,1767391952.9331255,update_burst_linear_tieon_k8_rate0.40,3,runs\update_burst_linear_tieon_k8_rate0.40_s3q16,update_burst_linear_tieon_k8_rate0.40_s3q16,0.0,1.0,0.8958333333333334,0.875,,1.0,0.8958333333333334,1.0,1.0,0.10416666666666667
,0.0,,0.825,1.0,0.825,1.0000 -> 0.8250 -> 0.8250 -> 0.8250,0.0,1.0,0.825,0.0,1.0,0.825,1767390794.1690617,update_burst_linear_updatebursttrain_k8_rate0.40,5,runs\update_burst_linear_updatebursttrain_k8_rate0.40_s5q24,update_burst_linear_updatebursttrain_k8_rate0.40_s5q24,0.0,1.0,0.825,0.725,,1.0,0.825,1.0,1.0,0.175
,0.0,,0.95,1.0,0.95,1.0000 -> 0.9500 -> 0.9500 -> 0.9500,0.0,1.0,0.95,0.0,1.0,0.95,1767385991.6900997,update_burst_rate0.10_k4_steps240,5,runs\update_burst_rate0.10_k4_steps240_s5q24,update_burst_rate0.10_k4_steps240_s5q24,0.0,1.0,0.95,0.7666666666666667,,1.0,0.95,1.0,1.0,0.05
,0.0,,0.95,1.0,0.95,1.0000 -> 0.9500 -> 0.9500 -> 0.9500,0.0,1.0,0.95,0.0,1.0,0.95,1767386574.8627987,update_burst_rate0.10_k8_steps240,5,runs\update_burst_rate0.10_k8_steps240_s5q24,update_burst_rate0.10_k8_steps240_s5q24,0.0,1.0,0.95,0.8083333333333333,,1.0,0.95,1.0,1.0,0.05
,0.0,,0.9,1.0,0.9,1.0000 -> 0.9000 -> 0.9000 -> 0.9000,0.0,1.0,0.9,0.0,1.0,0.9,1767385994.237914,update_burst_rate0.25_k4_steps240,5,runs\update_burst_rate0.25_k4_steps240_s5q24,update_burst_rate0.25_k4_steps240_s5q24,0.0,1.0,0.9,0.775,,1.0,0.9,1.0,1.0,0.1
,0.0,,0.8666666666666667,1.0,0.8666666666666666,1.0000 -> 0.8667 -> 0.8667 -> 0.8667,0.0,1.0,0.8666666666666666,0.0,1.0,0.8666666666666667,1767386577.2869737,update_burst_rate0.25_k8_steps240,5,runs\update_burst_rate0.25_k8_steps240_s5q24,update_burst_rate0.25_k8_steps240_s5q24,0.0,1.0,0.8666666666666667,0.8916666666666667,,1.0,0.8666666666666666,1.0,1.0,0.13333333333333333
,0.0,,0.7833333333333333,1.0,0.7833333333333333,1.0000 -> 0.7833 -> 0.7833 -> 0.7833,0.0,1.0,0.7833333333333333,0.0,1.0,0.7833333333333333,1767385996.7421615,update_burst_rate0.40_k4_steps240,5,runs\update_burst_rate0.40_k4_steps240_s5q24,update_burst_rate0.40_k4_steps240_s5q24,0.0,1.0,0.7833333333333333,0.8333333333333334,,1.0,0.7833333333333333,1.0,1.0,0.21666666666666667
,0.0,,0.8166666666666667,1.0,0.8166666666666667,1.0000 -> 0.8167 -> 0.8167 -> 0.8167,0.0,1.0,0.8166666666666667,0.0,1.0,0.8166666666666667,1767386579.9056454,update_burst_rate0.40_k8_steps240,5,runs\update_burst_rate0.40_k8_steps240_s5q24,update_burst_rate0.40_k8_steps240_s5q24,0.0,1.0,0.8166666666666667,0.7916666666666666,,1.0,0.8166666666666667,1.0,1.0,0.18333333333333332
,0.0,,0.8125,1.0,0.8125,1.0000 -> 0.8125 -> 0.8125 -> 0.8125,0.0,1.0,0.8125,0.0,1.0,0.8125,1767385999.041422,update_burst_rate0.60_k4_steps240,3,runs\update_burst_rate0.60_k4_steps240_s3q16,update_burst_rate0.60_k4_steps240_s3q16,0.0,1.0,0.8125,0.8958333333333334,,1.0,0.8125,1.0,1.0,0.1875
,0.0,,0.8958333333333334,1.0,0.8958333333333334,1.0000 -> 0.8958 -> 0.8958 -> 0.8958,0.0,1.0,0.8958333333333334,0.0,1.0,0.8958333333333334,1767386001.2849336,update_burst_rate0.80_k4_steps240,3,runs\update_burst_rate0.80_k4_steps240_s3q16,update_burst_rate0.80_k4_steps240_s3q16,0.0,1.0,0.8958333333333334,0.625,,1.0,0.8958333333333334,1.0,1.0,0.10416666666666667
,0.0,,0.9375,1.0,0.9375,1.0000 -> 0.9375 -> 0.9375 -> 0.9375,0.0,1.0,0.9375,0.0,1.0,0.9375,1767398053.9239159,update_burst_tielatest_step_k2_rate0.10,3,runs\update_burst_tielatest_step_k2_rate0.10_s3q16,update_burst_tielatest_step_k2_rate0.10_s3q16,0.0,1.0,0.9375,0.5833333333333334,,1.0,0.9375,1.0,1.0,0.0625
,0.0,,0.9583333333333334,1.0,0.9583333333333334,1.0000 -> 0.9583 -> 0.9583 -> 0.9583,0.0,1.0,0.9583333333333334,0.0,1.0,0.9583333333333334,1767398059.9439032,update_burst_tielatest_step_k2_rate0.25,3,runs\update_burst_tielatest_step_k2_rate0.25_s3q16,update_burst_tielatest_step_k2_rate0.25_s3q16,0.0,1.0,0.9583333333333334,0.8125,,1.0,0.9583333333333334,1.0,1.0,0.041666666666666664
,0.0,,0.8958333333333334,1.0,0.8958333333333334,1.0000 -> 0.8958 -> 0.8958 -> 0.8958,0.0,1.0,0.8958333333333334,0.0,1.0,0.8958333333333334,1767398066.0099103,update_burst_tielatest_step_k2_rate0.40,3,runs\update_burst_tielatest_step_k2_rate0.40_s3q16,update_burst_tielatest_step_k2_rate0.40_s3q16,0.0,1.0,0.8958333333333334,0.7916666666666666,,1.0,0.8958333333333334,1.0,1.0,0.10416666666666667
,0.0,,0.9166666666666666,1.0,0.9166666666666666,1.0000 -> 0.9167 -> 0.9167 -> 0.9167,0.0,1.0,0.9166666666666666,0.0,1.0,0.9166666666666666,1767398055.9337645,update_burst_tielatest_step_k4_rate0.10,3,runs\update_burst_tielatest_step_k4_rate0.10_s3q16,update_burst_tielatest_step_k4_rate0.10_s3q16,0.0,1.0,0.9166666666666666,0.8333333333333334,,1.0,0.9166666666666666,1.0,1.0,0.08333333333333333
,0.0,,0.9791666666666666,1.0,0.9791666666666666,1.0000 -> 0.9792 -> 0.9792 -> 0.9792,0.0,1.0,0.9791666666666666,0.0,1.0,0.9791666666666666,1767398062.0303695,update_burst_tielatest_step_k4_rate0.25,3,runs\update_burst_tielatest_step_k4_rate0.25_s3q16,update_burst_tielatest_step_k4_rate0.25_s3q16,0.0,1.0,0.9791666666666666,0.8125,,1.0,0.9791666666666666,1.0,1.0,0.020833333333333332
,0.0,,0.9583333333333334,1.0,0.9583333333333334,1.0000 -> 0.9583 -> 0.9583 -> 0.9583,0.0,1.0,0.9583333333333334,0.0,1.0,0.9583333333333334,1767398068.0321033,update_burst_tielatest_step_k4_rate0.40,3,runs\update_burst_tielatest_step_k4_rate0.40_s3q16,update_burst_tielatest_step_k4_rate0.40_s3q16,0.0,1.0,0.9583333333333334,0.75,,1.0,0.9583333333333334,1.0,1.0,0.041666666666666664
,0.0,,0.9375,1.0,0.9375,1.0000 -> 0.9375 -> 0.9375 -> 0.9375,0.0,1.0,0.9375,0.0,1.0,0.9375,1767398057.9568431,update_burst_tielatest_step_k8_rate0.10,3,runs\update_burst_tielatest_step_k8_rate0.10_s3q16,update_burst_tielatest_step_k8_rate0.10_s3q16,0.0,1.0,0.9375,0.8958333333333334,,1.0,0.9375,1.0,1.0,0.0625
,0.0,,0.8958333333333334,1.0,0.8958333333333334,1.0000 -> 0.8958 -> 0.8958 -> 0.8958,0.0,1.0,0.8958333333333334,0.0,1.0,0.8958333333333334,1767398064.027503,update_burst_tielatest_step_k8_rate0.25,3,runs\update_burst_tielatest_step_k8_rate0.25_s3q16,update_burst_tielatest_step_k8_rate0.25_s3q16,0.0,1.0,0.8958333333333334,0.9583333333333334,,1.0,0.8958333333333334,1.0,1.0,0.10416666666666667
,0.0,,0.8416666666666667,1.0,0.8416666666666666,1.0000 -> 0.8417 -> 0.8417 -> 0.8417,0.0,1.0,0.8416666666666666,0.0,1.0,0.8416666666666667,1767398075.1805727,update_burst_tielatest_step_k8_rate0.40,5,runs\update_burst_tielatest_step_k8_rate0.40_s5q24,update_burst_tielatest_step_k8_rate0.40_s5q24,0.0,1.0,0.8416666666666667,0.675,,1.0,0.8416666666666666,1.0,1.0,0.15833333333333333
,0.0,,0.9375,1.0,0.9375,1.0000 -> 0.9375 -> 0.9375 -> 0.9375,0.0,1.0,0.9375,0.0,1.0,0.9375,1767398035.1896868,update_burst_tienone_k2_rate0.10,3,runs\update_burst_tienone_k2_rate0.10_s3q16,update_burst_tienone_k2_rate0.10_s3q16,0.0,1.0,0.9375,0.75,,1.0,0.9375,1.0,1.0,0.0625
,0.0,,0.9375,1.0,0.9375,1.0000 -> 0.9375 -> 0.9375 -> 0.9375,0.0,1.0,0.9375,0.0,1.0,0.9375,1767398041.4817557,update_burst_tienone_k2_rate0.25,3,runs\update_burst_tienone_k2_rate0.25_s3q16,update_burst_tienone_k2_rate0.25_s3q16,0.0,1.0,0.9375,0.8541666666666666,,1.0,0.9375,1.0,1.0,0.0625
,0.0,,0.9375,1.0,0.9375,1.0000 -> 0.9375 -> 0.9375 -> 0.9375,0.0,1.0,0.9375,0.0,1.0,0.9375,1767398047.7031558,update_burst_tienone_k2_rate0.40,3,runs\update_burst_tienone_k2_rate0.40_s3q16,update_burst_tienone_k2_rate0.40_s3q16,0.0,1.0,0.9375,0.7083333333333334,,1.0,0.9375,1.0,1.0,0.0625
,0.0,,0.9375,1.0,0.9375,1.0000 -> 0.9375 -> 0.9375 -> 0.9375,0.0,1.0,0.9375,0.0,1.0,0.9375,1767398037.2578003,update_burst_tienone_k4_rate0.10,3,runs\update_burst_tienone_k4_rate0.10_s3q16,update_burst_tienone_k4_rate0.10_s3q16,0.0,1.0,0.9375,0.8125,,1.0,0.9375,1.0,1.0,0.0625
,0.0,,0.875,1.0,0.875,1.0000 -> 0.8750 -> 0.8750 -> 0.8750,0.0,1.0,0.875,0.0,1.0,0.875,1767398043.4842572,update_burst_tienone_k4_rate0.25,3,runs\update_burst_tienone_k4_rate0.25_s3q16,update_burst_tienone_k4_rate0.25_s3q16,0.0,1.0,0.875,0.75,,1.0,0.875,1.0,1.0,0.125
,0.0,,0.9375,1.0,0.9375,1.0000 -> 0.9375 -> 0.9375 -> 0.9375,0.0,1.0,0.9375,0.0,1.0,0.9375,1767398049.6796234,update_burst_tienone_k4_rate0.40,3,runs\update_burst_tienone_k4_rate0.40_s3q16,update_burst_tienone_k4_rate0.40_s3q16,0.0,1.0,0.9375,0.9375,,1.0,0.9375,1.0,1.0,0.0625
,0.0,,0.8958333333333334,1.0,0.8958333333333334,1.0000 -> 0.8958 -> 0.8958 -> 0.8958,0.0,1.0,0.8958333333333334,0.0,1.0,0.8958333333333334,1767398039.380889,update_burst_tienone_k8_rate0.10,3,runs\update_burst_tienone_k8_rate0.10_s3q16,update_burst_tienone_k8_rate0.10_s3q16,0.0,1.0,0.8958333333333334,0.875,,1.0,0.8958333333333334,1.0,1.0,0.10416666666666667
,0.0,,0.9166666666666666,1.0,0.9166666666666666,1.0000 -> 0.9167 -> 0.9167 -> 0.9167,0.0,1.0,0.9166666666666666,0.0,1.0,0.9166666666666666,1767398045.5535722,update_burst_tienone_k8_rate0.25,3,runs\update_burst_tienone_k8_rate0.25_s3q16,update_burst_tienone_k8_rate0.25_s3q16,0.0,1.0,0.9166666666666666,0.7916666666666666,,1.0,0.9166666666666666,1.0,1.0,0.08333333333333333
,0.0,,0.7583333333333333,1.0,0.7583333333333334,1.0000 -> 0.7583 -> 0.7583 -> 0.7583,0.0,1.0,0.7583333333333334,0.0,1.0,0.7583333333333333,1767398072.7248702,update_burst_tienone_k8_rate0.40,5,runs\update_burst_tienone_k8_rate0.40_s5q24,update_burst_tienone_k8_rate0.40_s5q24,0.0,1.0,0.7583333333333333,0.8666666666666667,,1.0,0.7583333333333334,1.0,1.0,0.24166666666666667
,0.0,,0.8666666666666667,1.0,0.8666666666666666,1.0000 -> 0.8667 -> 0.8667 -> 0.8667,0.0,1.0,0.8666666666666666,0.0,1.0,0.8666666666666667,1767398415.7046914,update_burst_wall_tielatest_step_k8_rate0.25,5,runs\update_burst_wall_tielatest_step_k8_rate0.25_s5q24,update_burst_wall_tielatest_step_k8_rate0.25_s5q24,0.0,1.0,0.8666666666666667,0.8166666666666667,,1.0,0.8666666666666666,1.0,1.0,0.13333333333333333
,0.0,,0.925,1.0,0.925,1.0000 -> 0.9250 -> 0.9250 -> 0.9250,0.0,1.0,0.925,0.0,1.0,0.925,1767398418.125852,update_burst_wall_tielatest_step_k8_rate0.30,5,runs\update_burst_wall_tielatest_step_k8_rate0.30_s5q24,update_burst_wall_tielatest_step_k8_rate0.30_s5q24,0.0,1.0,0.925,0.7666666666666667,,1.0,0.925,1.0,1.0,0.075
,0.0,,0.9166666666666666,1.0,0.9166666666666666,1.0000 -> 0.9167 -> 0.9167 -> 0.9167,0.0,1.0,0.9166666666666666,0.0,1.0,0.9166666666666666,1767398420.5984557,update_burst_wall_tielatest_step_k8_rate0.35,5,runs\update_burst_wall_tielatest_step_k8_rate0.35_s5q24,update_burst_wall_tielatest_step_k8_rate0.35_s5q24,0.0,1.0,0.9166666666666666,0.7166666666666667,,1.0,0.9166666666666666,1.0,1.0,0.08333333333333333
,0.0,,0.9083333333333333,1.0,0.9083333333333334,1.0000 -> 0.9083 -> 0.9083 -> 0.9083,0.0,1.0,0.9083333333333334,0.0,1.0,0.9083333333333333,1767398423.0793293,update_burst_wall_tielatest_step_k8_rate0.40,5,runs\update_burst_wall_tielatest_step_k8_rate0.40_s5q24,update_burst_wall_tielatest_step_k8_rate0.40_s5q24,0.0,1.0,0.9083333333333333,0.7916666666666666,,1.0,0.9083333333333334,1.0,1.0,0.09166666666666666
,0.0,,0.9083333333333333,1.0,0.9083333333333334,1.0000 -> 0.9083 -> 0.9083 -> 0.9083,0.0,1.0,0.9083333333333334,0.0,1.0,0.9083333333333333,1767398405.7877057,update_burst_wall_tienone_k8_rate0.25,5,runs\update_burst_wall_tienone_k8_rate0.25_s5q24,update_burst_wall_tienone_k8_rate0.25_s5q24,0.0,1.0,0.9083333333333333,0.7416666666666667,,1.0,0.9083333333333334,1.0,1.0,0.09166666666666666
,0.0,,0.925,1.0,0.925,1.0000 -> 0.9250 -> 0.9250 -> 0.9250,0.0,1.0,0.925,0.0,1.0,0.925,1767398408.2328238,update_burst_wall_tienone_k8_rate0.30,5,runs\update_burst_wall_tienone_k8_rate0.30_s5q24,update_burst_wall_tienone_k8_rate0.30_s5q24,0.0,1.0,0.925,0.8,,1.0,0.925,1.0,1.0,0.075
,0.0,,0.875,1.0,0.875,1.0000 -> 0.8750 -> 0.8750 -> 0.8750,0.0,1.0,0.875,0.0,1.0,0.875,1767398410.7344723,update_burst_wall_tienone_k8_rate0.35,5,runs\update_burst_wall_tienone_k8_rate0.35_s5q24,update_burst_wall_tienone_k8_rate0.35_s5q24,0.0,1.0,0.875,0.775,,1.0,0.875,1.0,1.0,0.125
,0.0,,0.9083333333333333,1.0,0.9083333333333334,1.0000 -> 0.9083 -> 0.9083 -> 0.9083,0.0,1.0,0.9083333333333334,0.0,1.0,0.9083333333333333,1767398413.180253,update_burst_wall_tienone_k8_rate0.40,5,runs\update_burst_wall_tienone_k8_rate0.40_s5q24,update_burst_wall_tienone_k8_rate0.40_s5q24,0.0,1.0,0.9083333333333333,0.7916666666666666,,1.0,0.9083333333333334,1.0,1.0,0.09166666666666666
,,,0.6875,0.6875,0.6875,1.0000 -> 1.0000 -> 0.6875 -> 0.6875,0.0,0.6875,0.6875,,1.0,0.6875,1767349882.0801854,v3d_spoof0.1_filter0_k2,3,runs\v3d_spoof0.1_filter0_k2_s3q16,v3d_spoof0.1_filter0_k2_s3q16,0.3125,0.0,1.0,0.0625,,1.0,0.6875,0.6875,1.0,0.0
,,,0.6875,0.6875,0.6875,1.0000 -> 1.0000 -> 0.6875 -> 0.6875,0.0,0.6875,0.6875,,1.0,0.6875,1767349884.3702583,v3d_spoof0.1_filter0_k4,3,runs\v3d_spoof0.1_filter0_k4_s3q16,v3d_spoof0.1_filter0_k4_s3q16,0.3125,0.0,1.0,0.0625,,1.0,0.6875,0.6875,1.0,0.0
,,,0.6875,0.6875,0.6875,1.0000 -> 1.0000 -> 0.6875 -> 0.6875,0.0,0.6875,0.6875,,1.0,0.6875,1767349886.596951,v3d_spoof0.1_filter0_k8,3,runs\v3d_spoof0.1_filter0_k8_s3q16,v3d_spoof0.1_filter0_k8_s3q16,0.3125,0.0,1.0,0.125,,1.0,0.6875,0.6875,1.0,0.0
,,,1.0,1.0,1.0,1.0000 -> 1.0000 -> 1.0000 -> 1.0000,0.0,1.0,1.0,,1.0,1.0,1767349903.256129,v3d_spoof0.1_filter1_k2,3,runs\v3d_spoof0.1_filter1_k2_s3q16,v3d_spoof0.1_filter1_k2_s3q16,0.0,,1.0,0.25,,1.0,1.0,1.0,1.0,0.0
,,,1.0,1.0,1.0,1.0000 -> 1.0000 -> 1.0000 -> 1.0000,0.0,1.0,1.0,,1.0,1.0,1767349905.2674184,v3d_spoof0.1_filter1_k4,3,runs\v3d_spoof0.1_filter1_k4_s3q16,v3d_spoof0.1_filter1_k4_s3q16,0.0,,1.0,0.0,,1.0,1.0,1.0,1.0,0.0
,,,1.0,1.0,1.0,1.0000 -> 1.0000 -> 1.0000 -> 1.0000,0.0,1.0,1.0,,1.0,1.0,1767349907.341517,v3d_spoof0.1_filter1_k8,3,runs\v3d_spoof0.1_filter1_k8_s3q16,v3d_spoof0.1_filter1_k8_s3q16,0.0,,1.0,0.0,,1.0,1.0,1.0,1.0,0.0
,,,0.6875,0.6875,0.6875,1.0000 -> 1.0000 -> 0.6875 -> 0.6875,0.0,0.6875,0.6875,,1.0,0.6875,1767349888.9095957,v3d_spoof0.5_filter0_k2,3,runs\v3d_spoof0.5_filter0_k2_s3q16,v3d_spoof0.5_filter0_k2_s3q16,0.3125,0.0,1.0,0.3125,,1.0,0.6875,0.6875,1.0,0.0
,,,0.6875,0.6875,0.6875,1.0000 -> 1.0000 -> 0.6875 -> 0.6875,0.0,0.6875,0.6875,,1.0,0.6875,1767349892.5844252,v3d_spoof0.5_filter0_k4,3,runs\v3d_spoof0.5_filter0_k4_s3q16,v3d_spoof0.5_filter0_k4_s3q16,0.3125,0.0,1.0,0.5,,1.0,0.6875,0.6875,1.0,0.0
,,,0.6875,0.6875,0.6875,1.0000 -> 1.0000 -> 0.6875 -> 0.6875,0.0,0.6875,0.6875,,1.0,0.6875,1767349894.6367352,v3d_spoof0.5_filter0_k8,3,runs\v3d_spoof0.5_filter0_k8_s3q16,v3d_spoof0.5_filter0_k8_s3q16,0.3125,0.0,1.0,0.5625,,1.0,0.6875,0.6875,1.0,0.0
,,,1.0,1.0,1.0,1.0000 -> 1.0000 -> 1.0000 -> 1.0000,0.0,1.0,1.0,,1.0,1.0,1767349909.4301472,v3d_spoof0.5_filter1_k2,3,runs\v3d_spoof0.5_filter1_k2_s3q16,v3d_spoof0.5_filter1_k2_s3q16,0.0,,1.0,0.5625,,1.0,1.0,1.0,1.0,0.0
,,,1.0,1.0,1.0,1.0000 -> 1.0000 -> 1.0000 -> 1.0000,0.0,1.0,1.0,,1.0,1.0,1767349911.4411142,v3d_spoof0.5_filter1_k4,3,runs\v3d_spoof0.5_filter1_k4_s3q16,v3d_spoof0.5_filter1_k4_s3q16,0.0,,1.0,0.375,,1.0,1.0,1.0,1.0,0.0
,,,1.0,1.0,1.0,1.0000 -> 1.0000 -> 1.0000 -> 1.0000,0.0,1.0,1.0,,1.0,1.0,1767349913.534427,v3d_spoof0.5_filter1_k8,3,runs\v3d_spoof0.5_filter1_k8_s3q16,v3d_spoof0.5_filter1_k8_s3q16,0.0,,1.0,0.6875,,1.0,1.0,1.0,1.0,0.0
,,,0.6875,0.6875,0.6875,1.0000 -> 1.0000 -> 0.6875 -> 0.6875,0.0,0.6875,0.6875,,1.0,0.6875,1767349896.6978326,v3d_spoof0.8_filter0_k2,3,runs\v3d_spoof0.8_filter0_k2_s3q16,v3d_spoof0.8_filter0_k2_s3q16,0.3125,0.0,1.0,0.6875,,1.0,0.6875,0.6875,1.0,0.0
,,,0.6875,0.6875,0.6875,1.0000 -> 1.0000 -> 0.6875 -> 0.6875,0.0,0.6875,0.6875,,1.0,0.6875,1767349898.797321,v3d_spoof0.8_filter0_k4,3,runs\v3d_spoof0.8_filter0_k4_s3q16,v3d_spoof0.8_filter0_k4_s3q16,0.3125,0.0,1.0,0.5625,,1.0,0.6875,0.6875,1.0,0.0
,,,0.6875,0.6875,0.6875,1.0000 -> 1.0000 -> 0.6875 -> 0.6875,0.0,0.6875,0.6875,,1.0,0.6875,1767349901.0211596,v3d_spoof0.8_filter0_k8,3,runs\v3d_spoof0.8_filter0_k8_s3q16,v3d_spoof0.8_filter0_k8_s3q16,0.3125,0.0,1.0,0.875,,1.0,0.6875,0.6875,1.0,0.0
,,,1.0,1.0,1.0,1.0000 -> 1.0000 -> 1.0000 -> 1.0000,0.0,1.0,1.0,,1.0,1.0,1767349915.5726929,v3d_spoof0.8_filter1_k2,3,runs\v3d_spoof0.8_filter1_k2_s3q16,v3d_spoof0.8_filter1_k2_s3q16,0.0,,1.0,0.75,,1.0,1.0,1.0,1.0,0.0
,,,1.0,1.0,1.0,1.0000 -> 1.0000 -> 1.0000 -> 1.0000,0.0,1.0,1.0,,1.0,1.0,1767349917.6681044,v3d_spoof0.8_filter1_k4,3,runs\v3d_spoof0.8_filter1_k4_s3q16,v3d_spoof0.8_filter1_k4_s3q16,0.0,,1.0,0.8125,,1.0,1.0,1.0,1.0,0.0
,,,1.0,1.0,1.0,1.0000 -> 1.0000 -> 1.0000 -> 1.0000,0.0,1.0,1.0,,1.0,1.0,1767349919.7679732,v3d_spoof0.8_filter1_k8,3,runs\v3d_spoof0.8_filter1_k8_s3q16,v3d_spoof0.8_filter1_k8_s3q16,0.0,,1.0,0.9375,,1.0,1.0,1.0,1.0,0.0
